osm_type;osm_id;category;name;lon;lat;city;street;housenumber;operator;brand;shop;industrial;amenity;settlement
node;344304179;bank;Сбербанк;45.9051502;51.4745562;;;;;Сбербанк;;;bank;Саратов
node;345099505;bank;ВТБ;46.0532093;51.5270408;;;;Банк ВТБ (публичное акционерное общество);ВТБ;;;bank;Саратов
node;345099506;shop;Мир вкуса;46.0531216;51.5272208;;;;;;supermarket;;;Саратов
node;345099512;shop;Гроздь;46.0055755;51.5256561;;;;;;convenience;;;Саратов
node;345099513;service;У тамар;46.0037413;51.5232367;;;;;;hairdresser;;;Саратов
node;345519143;shop;Пятёрочка;46.1627677;51.4922362;;;;;;supermarket;;;Энгельс
node;346259884;shop;Семейный;45.9038642;51.4786121;;;;;Семейный;convenience;;;Саратов
node;346259887;shop;Магнит;45.9040785;51.4784951;;;;;;supermarket;;;Саратов
node;346323464;shop;Антей;46.0443576;51.5285316;;;;;;supermarket;;;Саратов
node;346696669;bank;Эконом банк;45.9538629;51.5014834;;;;;;;;bank;Саратов
node;347263950;bank;Экономбанк;46.0446123;51.5261332;;;;;;;;bank;Саратов
node;347263951;bank;Экономбанк;46.0369889;51.5326892;;;;;;;;bank;Саратов
node;355152913;bank;Сбербанк;46.0157347;51.5332361;;;;;Сбербанк;;;bank;Саратов
node;355154569;bank;Росбанк;46.0167859;51.5293301;;;;;Росбанк;;;bank;Саратов
node;355154571;bank;Открытие;46.0206973;51.5291298;;;;;;;;bank;Саратов
node;357465845;service;Светлана;45.8962749;51.4778157;;;;;;hairdresser;;;Саратов
node;360975786;bank;Сбербанк;45.9404482;51.5866119;;Гвардейская улица;4;;Сбербанк;;;bank;Саратов
node;360975831;shop;Гроздь;45.9398297;51.5882092;;улица Зои Космодемьянской;8;;;convenience;;;Саратов
node;360981524;bank;WDB;45.9375167;51.5904712;;;;;;;;bank;Саратов
node;360981891;bank;Сбербанк;45.9722457;51.5795686;;;;;Сбербанк;;;bank;Саратов
node;361244992;bank;Сбербанк;46.017549;51.5439163;;;;;Сбербанк;;;bank;Саратов
node;361244994;atm;;46.0133525;51.5438074;;;;"АО ""Экономбанк""";;;;atm;Саратов
node;362777864;atm;;45.969256;51.5800495;;;;ПАО РОСБАНК;;;;atm;Саратов
node;364843062;service;Светлана;45.9318758;51.5880297;Саратов;Гвардейская улица;20;;;hairdresser;;;Саратов
node;524107532;shop;Пятёрочка;45.9972104;51.5449739;;;;;Пятёрочка;supermarket;;;Саратов
node;524107788;shop;Семейный;45.9933293;51.5428855;;;;;Семейный;supermarket;;;Саратов
node;599924510;shop;Семейный;45.9415147;51.5080998;;;;;Семейный;supermarket;;;Саратов
node;615217654;shop;Пятёрочка;45.9862769;51.5366362;;;;;Пятёрочка;supermarket;;;Саратов
node;634987803;shop;Гроздь;46.0094088;51.5228878;;;;;;supermarket;;;Саратов
node;637028015;bank;Уралсиб;46.0101977;51.5190981;;;;Уралсиб;;;;bank;Саратов
node;706928804;shop;;45.9766514;51.7589237;;;;;;convenience;;;Саратов
node;738227013;shop;Магнит;45.9377698;51.5084602;;;;;;supermarket;;;Саратов
node;738538650;shop;Семейный;45.9158352;51.4717635;;;;;Семейный;supermarket;;;Саратов
node;761144806;shop;Магнит;46.0999212;51.4828147;;Тракторная улица;2;;Магнит;supermarket;;;Энгельс
node;807564677;shop;Седьмой океан;46.0750297;51.5733909;;;;;;supermarket;;;Саратов
node;846543803;shop;Магнит;46.0214217;51.5431991;;;;;;supermarket;;;Саратов
node;885655410;bank;Сбербанк;48.1096752;52.4943146;;Советская улица;128;ПАО Сбербанк;Сбербанк;;;bank;Хвалынск
node;927165834;shop;Магнит;45.9896452;51.5183757;;;;;Магнит;supermarket;;;Саратов
node;927165837;shop;Гроздь;45.9904396;51.5180503;;;;;;convenience;;;Саратов
node;927188354;shop;Пятёрочка;46.0463048;51.5267321;;;;"ООО ""Агроторг""";Пятёрочка;supermarket;;;Саратов
node;934602082;bank;Солидарность;46.0425203;51.5289806;;;;;;;;bank;Саратов
node;934625781;bank;Сбербанк;46.044559;51.5317412;;;;;Сбербанк;;;bank;Саратов
node;963030419;shop;Продукты;46.1105413;51.5866997;;;;;;convenience;;;Саратов
node;1011578405;atm;;46.0376786;51.5315348;;;;Банк ВТБ (ПАО);ВТБ;;;atm;Саратов
node;1012801443;shop;Гроздь;46.0068455;51.5202281;;;;;;convenience;;;Саратов
node;1015617422;bank;БыстроБанк;46.0057207;51.5221086;;;;"ПАО ""БыстроБанк""";;;;bank;Саратов
node;1016127435;bank;Сбербанк;46.0021856;51.5205743;;;;ПАО Сбербанк;Сбербанк;;;bank;Саратов
node;1016172690;bank;Сбербанк;46.0161579;51.5248725;;;;ПАО Сбербанк;Сбербанк;;;bank;Саратов
node;1016172701;bank;НВК Банк;46.0160093;51.5245684;;;;Нижневолжский Коммерческий Банк;;;;bank;Саратов
node;1019028592;bank;;46.0190153;51.5288794;;;;Экономбанк;;;;bank;Саратов
node;1020375810;shop;Магнит;46.0040141;51.5219552;;;;;Магнит;supermarket;;;Саратов
node;1026985396;shop;;46.0162362;51.5239848;;;;;;supermarket;;;Саратов
node;1027972633;bank;Райффайзен;46.034647;51.529728;;;;;Райффайзен;;;bank;Саратов
node;1030731420;bank;ВТБ;45.9684522;51.5922865;;;;Банк ВТБ (публичное акционерное общество);ВТБ;;;bank;Саратов
node;1036135116;shop;Пятёрочка;46.0186851;51.5229284;;;;;Пятёрочка;supermarket;;;Саратов
node;1037355383;shop;Перекрёсток;46.0155172;51.5236926;;;;X5 Retail Group;;supermarket;;;Саратов
node;1039228883;service;Лестель;46.0021952;51.5213704;;;;;;beauty;;;Саратов
node;1041036840;service;Ирис;45.9951264;51.5243687;;;;;;hairdresser;;;Саратов
node;1041976294;bank;НВК Банк;45.9933384;51.5232901;;;;Нижневолжский Коммерческий Банк;;;;bank;Саратов
node;1046734721;atm;;46.0249893;51.5210937;;;;ПАО Сбербанк;Сбербанк;;;atm;Саратов
node;1055372748;bank;Открытие;46.0163093;51.5309131;;Мирный переулок;4;;;;;bank;Саратов
node;1055373155;shop;;46.0262395;51.5356474;;;;;;supermarket;;;Саратов
node;1055500925;bank;Сбербанк;46.1135317;51.4952771;;;;;Сбербанк;;;bank;Энгельс
node;1055500927;shop;Пятёрочка;46.1147597;51.4956592;;;;;Пятёрочка;supermarket;;;Энгельс
node;1055505112;atm;;46.1135347;51.4964507;;;;Банк ВТБ (ПАО);ВТБ;;;atm;Энгельс
node;1055505115;bank;ВТБ;46.1134472;51.4963834;;;;Банк ВТБ (публичное акционерное общество);ВТБ;;;bank;Энгельс
node;1055557619;bank;ВТБ;46.0183248;51.5296896;;;;Банк ВТБ (публичное акционерное общество);ВТБ Банк Москвы;;;bank;Саратов
node;1055703246;shop;Перекрёсток;46.0629878;51.5309691;;;;"Торговый дом ""ПЕРЕКРЕСТОК""";Перекресток;supermarket;;;Саратов
node;1055703249;bank;Сбербанк;46.0601642;51.533539;;;;;Сбербанк;;;bank;Саратов
node;1057678606;shop;Палитра Вкусов;46.1130685;51.4906493;;;;;;supermarket;;;Энгельс
node;1057678634;shop;Магнит;46.1316238;51.4852014;;;;;;supermarket;;;Энгельс
node;1063532788;shop;Магнит;46.0056035;51.5184941;;;;;;supermarket;;;Саратов
node;1064237968;service;Time Style;46.0059454;51.5191813;;;;;;hairdresser;;;Саратов
node;1069231190;shop;Семейный;45.8907501;51.4798964;;;;;Семейный;supermarket;;;Саратов
node;1069250000;shop;Гроздь;45.9811925;51.5085922;;;;;;supermarket;;;Саратов
node;1070899104;shop;Гроздь;45.8910596;51.4795857;;;;;;convenience;;;Саратов
node;1070899111;service;Ассоль;45.8902035;51.4823115;;;;;;hairdresser;;;Саратов
node;1071010205;service;;45.9058568;51.4485246;;;;;;hairdresser;;;Саратов
node;1071010217;shop;Продукты;45.9055556;51.4496337;;;;;;convenience;;;Саратов
node;1071010253;atm;;45.9053974;51.448935;;;;ПАО Сбербанк;Сбербанк;;;atm;Саратов
node;1072653509;service;Парикмахерская;45.9054599;51.4774204;;;;;;hairdresser;;;Саратов
node;1072653542;bank;Экономбанк;45.9012633;51.4783896;;;;;;;;bank;Саратов
node;1072653664;shop;Булочная;45.9053687;51.4776309;;;;;;convenience;;;Саратов
node;1072809098;shop;;45.8787802;51.4803271;;;;;;convenience;;;Саратов
node;1072809243;service;;45.8864751;51.4826681;;;;;;hairdresser;;;Саратов
node;1072877845;shop;Пятёрочка;45.919206;51.491304;;;;X5 Group;Пятёрочка;supermarket;;;Саратов
node;1072877997;shop;Магнит;45.9221485;51.4898559;;;;;Магнит;supermarket;;;Саратов
node;1075136884;bank;Сбербанк;45.9550689;51.5026776;;;;;Сбербанк;;;bank;Саратов
node;1075136974;shop;;45.9539007;51.503153;;;;;;convenience;;;Саратов
node;1075137050;service;;45.9544286;51.5029507;;;;;;hairdresser;;;Саратов
node;1075137752;service;;45.9554846;51.5023938;;;;;;hairdresser;;;Саратов
node;1076643596;shop;Пятерочка;46.0128336;51.5347767;;;;;;supermarket;;;Саратов
node;1076722654;shop;Магнит;46.0255959;51.5409579;;;;;;supermarket;;;Саратов
node;1076722672;shop;Семейный;46.0258357;51.5413128;;;;;Семейный;supermarket;;;Саратов
node;1077095352;shop;Гроздь;42.758129;51.7488082;;;;;;convenience;;;прочие населённые пункты
node;1077114785;bank;Сбербанк;42.7568706;51.7504754;;;;ПАО Сбербанк;Сбербанк;;;bank;прочие населённые пункты
node;1077407861;service;Эль;45.9039821;51.478374;;;;;;hairdresser;;;Саратов
node;1077408286;shop;Магнит;45.9042771;51.4778614;;;;;Магнит;supermarket;;;Саратов
node;1080372153;shop;Магнит;42.7498817;51.7460499;;;;;;supermarket;;;прочие населённые пункты
node;1088421482;shop;Продукты Вам;46.0039183;51.5180548;;;;;;convenience;;;Саратов
node;1094527576;shop;Магнит;46.0082118;51.5247706;;;;;;supermarket;;;Саратов
node;1099377449;shop;Дарья;46.0061813;51.5219304;;;;;;convenience;;;Саратов
node;1103547313;bank;Сбербанк;46.0038088;51.602159;;улица Чехова;;;Сбербанк;;;bank;Саратов
node;1110631193;service;;46.0024001;51.6037141;;;;;;hairdresser;;;Саратов
node;1116033329;shop;Гроздь;45.9060367;51.479781;;;;;Гроздь;convenience;;;Саратов
node;1122009474;shop;;46.020426;51.561179;;;;;;supermarket;;;Саратов
node;1141983378;atm;;46.034373;51.529735;;;;"АО ""Райффайзенбанк""";Райффайзен;;;atm;Саратов
node;1141983464;atm;;46.037553;51.525914;;;;ПАО Сбербанк;Сбербанк;;;atm;Саратов
node;1141983496;atm;;45.9317079;51.5896462;;;;"ПАО Банк ""ФК Открытие""";;;;atm;Саратов
node;1141983544;atm;;45.9058968;51.6032232;;;;"ПАО Банк ""ФК Открытие""";;;;atm;Саратов
node;1141983558;atm;;45.9889735;51.6026091;;;;"ПАО Банк ""ФК Открытие""";;;;atm;Саратов
node;1141983622;atm;;45.9785666;51.5306003;;;;Банк ВТБ (ПАО);ВТБ;;;atm;Саратов
node;1141983629;atm;;46.0163843;51.531972;;;;Банк ВТБ (ПАО);ВТБ;;;atm;Саратов
node;1141983660;atm;;46.017359;51.55096;;;;ПАО Сбербанк;Сбербанк;;;atm;Саратов
node;1141983779;atm;;45.9796788;51.5679847;;;;Т-банк;Т-Банк;;;atm;Саратов
node;1141983840;atm;;45.981741;51.586756;;;;"ПАО ""Промсвязьбанк""";Промсвязьбанк;;;atm;Саратов
node;1141983873;atm;;46.0168048;51.5487945;;;;Банк ВТБ (ПАО);ВТБ;;;atm;Саратов
node;1141983875;atm;;45.995216;51.5125671;;;;ПАО Сбербанк;Сбербанк;;;atm;Саратов
node;1141983927;atm;;46.021923;51.532873;;;;Банк ГПБ (АО);Газпромбанк;;;atm;Саратов
node;1141983932;atm;;45.9794553;51.52432;;;;"ПАО ""Промсвязьбанк""";Промсвязьбанк;;;atm;Саратов
node;1141983971;atm;;45.9094704;51.4663669;;;;ПАО РОСБАНК;Росбанк;;;atm;Саратов
node;1141983983;atm;;46.0080967;51.5431987;;;;ПАО Сбербанк;Сбербанк;;;atm;Саратов
node;1141984003;atm;;46.0200015;51.5319079;;;;"АО ""Экономбанк""";;;;atm;Саратов
node;1141984011;atm;;45.9309822;51.4862136;;;;ПАО Сбербанк;Сбербанк;;;atm;Саратов
node;1141984012;atm;;46.0140752;51.5186127;;;;"АО ""Экономбанк""";;;;atm;Саратов
node;1141984016;atm;;46.020342;51.541478;;;;ПАО РОСБАНК;;;;atm;Саратов
node;1141984018;atm;;45.986613;51.600869;;;;ПАО Сбербанк;Сбербанк;;;atm;Саратов
node;1141984049;atm;;46.0212626;51.529352;;;;ПАО РОСБАНК;;;;atm;Саратов
node;1141984050;atm;;45.99412;51.512273;;;;"АО ""Альфа-Банк""";Альфа-Банк;;;atm;Саратов
node;1141984188;atm;;46.0160702;51.5331066;;;;ПАО Сбербанк;Сбербанк;;;atm;Саратов
node;1141984191;atm;;46.015068;51.546713;;;;ПАО РОСБАНК;Росбанк;;;atm;Саратов
node;1141984192;atm;;46.0066253;51.5480199;;;;"АО ""Альфа-Банк""";Альфа-Банк;;;atm;Саратов
node;1141984196;atm;;46.051711;51.529786;;;;"ПАО Банк ""ФК Открытие""";;;;atm;Саратов
node;1141984265;atm;;46.01066;51.517002;;;;"АО ""Банк ""Агророс""";;;;atm;Саратов
node;1141984267;atm;;45.999141;51.5136777;;;;"АО ""Райффайзенбанк""";Райффайзен;;;atm;Саратов
node;1141984270;atm;;46.0218719;51.5324734;;;;ПАО Сбербанк;Сбербанк;;;atm;Саратов
node;1141984373;atm;;46.016787;51.5473579;;;;"АО ""Райффайзенбанк""";Райффайзен;;;atm;Саратов
node;1141984403;atm;;46.0369501;51.5326172;;;;"ПАО Банк ""ФК Открытие""";;;;atm;Саратов
node;1141984478;atm;;46.0419415;51.5354883;;;;ПАО Сбербанк;Сбербанк;;;atm;Саратов
node;1141984641;atm;;45.995216;51.542341;;;;ПАО Сбербанк;Сбербанк;;;atm;Саратов
node;1141984646;shop;Магнит;45.977968;51.568369;;;;;Магнит;supermarket;;;Саратов
node;1141984647;atm;;45.9603666;51.5136254;;;;ПАО Сбербанк;Сбербанк;;;atm;Саратов
node;1141984653;atm;;45.9403058;51.5000277;;;;ПАО Сбербанк;Сбербанк;;;atm;Саратов
node;1141984684;atm;;45.976297;51.574633;;;;Банк ВТБ (ПАО);ВТБ;;;atm;Саратов
node;1141984761;atm;;45.904588;51.5968983;;;;Банк ГПБ (АО);Газпромбанк;;;atm;Саратов
node;1141984766;atm;;45.9312651;51.4963643;;;;Банк ВТБ (ПАО);ВТБ;;;atm;Саратов
node;1141984767;atm;;45.904467;51.4739005;;;;ПАО Сбербанк;Сбербанк;;;atm;Саратов
node;1141984770;atm;;46.036808;51.533915;;;;Банк ГПБ (АО);Газпромбанк;;;atm;Саратов
node;1141984772;atm;;45.9762271;51.6000377;;;;ПАО РОСБАНК;;;;atm;Саратов
node;1141984774;atm;;45.9310053;51.4862388;;;;ПАО Сбербанк;Сбербанк;;;atm;Саратов
node;1141984775;atm;;46.0670697;51.5705586;;;;ПАО Сбербанк;Сбербанк;;;atm;Саратов
node;1141984779;atm;;46.0160679;51.5331524;;;;"АО ""Экономбанк""";;;;atm;Саратов
node;1141984784;atm;;45.9704165;51.5794232;;;;ПАО Сбербанк;Сбербанк;;;atm;Саратов
node;1141984785;atm;;45.931723;51.506281;;;;Банк ГПБ (АО);Газпромбанк;;;atm;Саратов
node;1141984786;atm;;46.0019044;51.5390986;;;;Банк ВТБ (ПАО);ВТБ;;;atm;Саратов
node;1141984802;atm;;46.044461;51.528458;;;;ПАО РОСБАНК;;;;atm;Саратов
node;1141984832;atm;;46.032543;51.530218;;;;ПАО Сбербанк;Сбербанк;;;atm;Саратов
node;1141985168;atm;;45.999141;51.513663;;;;"АО ""Экономбанк""";;;;atm;Саратов
node;1141985180;atm;;45.99297;51.603844;;;;ПАО Сбербанк;Сбербанк;;;atm;Саратов
node;1141985209;atm;;46.030511;51.532907;;;;Банк ГПБ (АО);Газпромбанк;;;atm;Саратов
node;1141985221;atm;;46.0138187;51.5185706;;;;Банк ВТБ (ПАО);ВТБ;;;atm;Саратов
node;1141985273;atm;;46.0352532;51.5308444;;;;ПАО РОСБАНК;;;;atm;Саратов
node;1141986105;atm;;45.960177;51.503569;;;;ПАО Сбербанк;Сбербанк;;;atm;Саратов
node;1141986120;atm;;46.0550399;51.5260418;;;;"АО ""Экономбанк""";;;;atm;Саратов
node;1141986130;atm;;46.025498;51.543343;;;;ПАО Сбербанк;Сбербанк;;;atm;Саратов
node;1141986133;atm;;46.009715;51.551532;;;;ПАО РОСБАНК;;;;atm;Саратов
node;1141986134;atm;;45.913205;51.60614;;;;"АО ""Альфа-Банк""";Альфа-Банк;;;atm;Саратов
node;1141986136;atm;;45.9707674;51.5423355;;;;"АО ""Экономбанк""";;;;atm;Саратов
node;1141986137;atm;;45.9834946;51.5324283;;;;ПАО Сбербанк;Сбербанк;;;atm;Саратов
node;1141986139;atm;;45.9681702;51.5896257;;;;"ООО ""ХКФ Банк""";;;;atm;Саратов
node;1141986140;atm;;45.99697;51.6106209;;;;ПАО РОСБАНК;;;;atm;Саратов
node;1141986143;atm;;46.019697;51.529336;;;;"ПАО Банк ""ФК Открытие""";;;;atm;Саратов
node;1141986146;atm;;46.03898;51.532755;;;;"АО ""Банк ""Агророс""";;;;atm;Саратов
node;1141986148;atm;;46.0209293;51.5327744;;;;ПАО РОСБАНК;;;;atm;Саратов
node;1141986158;atm;;46.0113695;51.5378009;;;;"АО ""Райффайзенбанк""";Райффайзен;;;atm;Саратов
node;1141986175;atm;;46.0168034;51.5474709;;;;ПАО Сбербанк;Сбербанк;;;atm;Саратов
node;1141986177;atm;;46.0195891;51.5190616;;;;ПАО РОСБАНК;;;;atm;Саратов
node;1141986178;atm;;45.978698;51.5305987;;;;"АО ""Райффайзенбанк""";Райффайзен;;;atm;Саратов
node;1141986180;atm;;45.992303;51.561529;;;;"ПАО Банк ""ФК Открытие""";;;;atm;Саратов
node;1141986181;atm;;46.0356958;51.535307;;;;ПАО Сбербанк;Сбербанк;;;atm;Саратов
node;1141986184;atm;;45.9684291;51.5922805;;;;"АО ""Райффайзенбанк""";Райффайзен;;;atm;Саратов
node;1141986210;bank;Сбербанк;45.9671528;51.5815783;;;;ПАО Сбербанк;Сбербанк;;;bank;Саратов
node;1141986213;atm;;45.9762808;51.6000532;;;;"АО ""Райффайзенбанк""";Райффайзен;;;atm;Саратов
node;1141986719;atm;;46.0106805;51.534572;;;;"АО ""Альфа-Банк""";Альфа-Банк;;;atm;Саратов
node;1141987173;atm;;45.959166;51.529786;;;;"ПАО Банк ""ФК Открытие""";;;;atm;Саратов
node;1141987180;atm;;46.0175866;51.5439697;;;;ПАО Сбербанк;Сбербанк;;;atm;Саратов
node;1141987313;atm;;45.9568419;51.5361187;;;;Банк ВТБ (ПАО);ВТБ;;;atm;Саратов
node;1141987396;atm;;46.021806;51.52569;;;;ПАО Сбербанк;Сбербанк;;;atm;Саратов
node;1141987407;atm;;45.9762917;51.6000991;;;;Банк ГПБ (АО);Газпромбанк;;;atm;Саратов
node;1141987408;atm;;45.992629;51.511314;;;;"ПАО ""Промсвязьбанк""";Промсвязьбанк;;;atm;Саратов
node;1141987410;atm;;46.01099;51.516998;;;;Банк ВТБ (ПАО);ВТБ;;;atm;Саратов
node;1141987413;atm;;46.011089;51.546586;;;;Банк ВТБ (ПАО);ВТБ;;;atm;Саратов
node;1141987418;atm;;45.9686185;51.5917589;;;;ПАО Сбербанк;Сбербанк;;;atm;Саратов
node;1141987449;atm;;46.0702843;51.5726215;;;;Банк ГПБ (АО);Газпромбанк;;;atm;Саратов
node;1141987452;atm;;46.0082679;51.5234671;;;;Банк ГПБ (АО);Газпромбанк;;;atm;Саратов
node;1141987490;atm;;46.008403;51.538599;;;;ПАО РОСБАНК;;;;atm;Саратов
node;1141987511;atm;;45.974226;51.607662;;;;ПАО Сбербанк;Сбербанк;;;atm;Саратов
node;1141987512;atm;;46.0158414;51.5243171;;;;ПАО Сбербанк;Сбербанк;;;atm;Саратов
node;1141987522;atm;;46.052534;51.550418;;;;ПАО Сбербанк;Сбербанк;;;atm;Саратов
node;1141987547;atm;;46.0333465;51.5245528;;;;Банк ГПБ (АО);Газпромбанк;;;atm;Саратов
node;1141987609;atm;;46.0306366;51.5625678;;;;ПАО РОСБАНК;Росбанк;;;atm;Саратов
node;1141987630;atm;;46.062759;51.5309339;;;;ПАО Сбербанк;Сбербанк;;;atm;Саратов
node;1141987646;atm;;45.929774;51.49745;;;;ПАО Сбербанк;Сбербанк;;;atm;Саратов
node;1141987647;atm;;45.9672558;51.591156;;;;Банк ГПБ (АО);Газпромбанк;;;atm;Саратов
node;1141987648;atm;;46.029855;51.530223;;;;Банк ВТБ (ПАО);ВТБ;;;atm;Саратов
node;1141987649;atm;;45.971301;51.5810377;;;;ПАО РОСБАНК;Росбанк;;;atm;Саратов
node;1141987651;atm;;45.982292;51.574301;;;;ПАО Сбербанк;Сбербанк;;;atm;Саратов
node;1141987652;atm;;45.9519636;51.5861609;;;;"АО ""Экономбанк""";;;;atm;Саратов
node;1141987653;atm;;46.006633;51.5384419;;;;ПАО Сбербанк;Сбербанк;;;atm;Саратов
node;1141987654;atm;;46.059257;51.528122;;;;Банк ГПБ (АО);Газпромбанк;;;atm;Саратов
node;1141987655;atm;;45.99226;51.56155;;;;Банк ВТБ (ПАО);ВТБ;;;atm;Саратов
node;1141987656;atm;;46.054999;51.526032;;;;ПАО РОСБАНК;;;;atm;Саратов
node;1141987674;atm;;46.0202484;51.5316302;;;;"АО ""Альфа-Банк""";Альфа-Банк;;;atm;Саратов
node;1141987704;atm;;46.0053992;51.5328166;;;;"АО ""Экономбанк""";;;;atm;Саратов
node;1141987705;atm;;45.998045;51.546401;;;;ПАО Сбербанк;Сбербанк;;;atm;Саратов
node;1141987709;atm;;46.10146;51.579156;;;;ПАО РОСБАНК;;;;atm;Саратов
node;1141987734;atm;;46.0627102;51.5309168;;;;"АО ""Альфа-Банк""";Альфа-Банк;;;atm;Саратов
node;1141987754;atm;;46.0178449;51.5466956;;;;"ПАО Банк ""ФК Открытие""";;;;atm;Саратов
node;1141987758;atm;;45.9830457;51.5268584;;;;ПАО Сбербанк;Сбербанк;;;atm;Саратов
node;1141987792;atm;;45.968502;51.604209;;;;"АО ""Банк ""Агророс""";;;;atm;Саратов
node;1141987834;atm;;46.006642;51.515765;;;;ПАО РОСБАНК;;;;atm;Саратов
node;1141987841;atm;;46.0264389;51.531562;;;;"АО ""Альфа-Банк""";Альфа-Банк;;;atm;Саратов
node;1141987865;atm;;46.006121;51.518136;;;;"ПАО Банк ""ФК Открытие""";;;;atm;Саратов
node;1141987903;atm;;45.920862;51.488506;;;;ПАО Сбербанк;Сбербанк;;;atm;Саратов
node;1141987911;atm;;46.032622;51.523544;;;;ПАО РОСБАНК;;;;atm;Саратов
node;1141987912;atm;;46.038003;51.558476;;;;"АО ""Райффайзенбанк""";Райффайзен;;;atm;Саратов
node;1141987915;atm;;46.0536879;51.5264739;;;;ПАО Сбербанк;Сбербанк;;;atm;Саратов
node;1141987919;atm;;46.0629319;51.5309378;;;;Россельхозбанк;Россельхозбанк;;;atm;Саратов
node;1141987963;atm;;45.913694;51.499777;;;;ПАО Сбербанк;Сбербанк;;;atm;Саратов
node;1141987976;atm;;45.9163988;51.4917089;;;;"АО ""Райффайзенбанк""";Райффайзен;;;atm;Саратов
node;1141987979;atm;;46.0173776;51.5382262;;;;ПАО Сбербанк;Сбербанк;;;atm;Саратов
node;1141988533;atm;;45.9744356;51.6076536;;;;"ПАО Банк ""ФК Открытие""";;;;atm;Саратов
node;1141988648;atm;;45.995925;51.537237;;;;ПАО Сбербанк;Сбербанк;;;atm;Саратов
node;1141988900;atm;;45.9986474;51.5282688;;;;Банк ВТБ (ПАО);ВТБ;;;atm;Саратов
node;1141989027;atm;;46.0146409;51.5318622;;;;ПАО Сбербанк;Сбербанк;;;atm;Саратов
node;1141989115;atm;;46.0066569;51.5480446;;;;"ПАО ""Промсвязьбанк""";Промсвязьбанк;;;atm;Саратов
node;1141989139;atm;;46.004551;51.530459;;;;Банк ВТБ (ПАО);ВТБ;;;atm;Саратов
node;1141989288;atm;;45.9685769;51.6084095;;;;ПАО Сбербанк;Сбербанк;;;atm;Саратов
node;1141989289;atm;;46.036943;51.532593;;;;"АО ""Экономбанк""";;;;atm;Саратов
node;1141989308;atm;;46.018437;51.527455;;;;Банк ГПБ (АО);Газпромбанк;;;atm;Саратов
node;1141989309;atm;;45.9710054;51.5813526;;;;Банк ГПБ (АО);Газпромбанк;;;atm;Саратов
node;1141989310;atm;;46.0217148;51.5322462;;;;"ПАО ""Промсвязьбанк""";Промсвязьбанк;;;atm;Саратов
node;1141989313;atm;;46.034805;51.523308;;;;ПАО Сбербанк;Сбербанк;;;atm;Саратов
node;1141989314;atm;;45.974797;51.615314;;;;ПАО Сбербанк;Сбербанк;;;atm;Саратов
node;1141989326;atm;;45.989898;51.521913;;;;ПАО Сбербанк;Сбербанк;;;atm;Саратов
node;1141989329;atm;;46.0108937;51.5169809;;;;"ПАО ""Промсвязьбанк""";Промсвязьбанк;;;atm;Саратов
node;1141989441;atm;;46.031589;51.530867;;;;ПАО РОСБАНК;;;;atm;Саратов
node;1141989478;bank;Сбербанк;45.9782465;51.5391819;;;;ПАО Сбербанк;;;;bank;Саратов
node;1141989530;atm;;45.988128;51.56702;;;;ПАО Сбербанк;Сбербанк;;;atm;Саратов
node;1141989756;atm;;46.0332916;51.5246237;;;;ПАО РОСБАНК;;;;atm;Саратов
node;1141989759;atm;;46.0447185;51.5261551;;;;"АО ""Экономбанк""";;;;atm;Саратов
node;1141989818;atm;;45.9102838;51.6137953;;;;Банк ГПБ (АО);Газпромбанк;;;atm;Саратов
node;1141989820;atm;;45.9162;51.491652;;;;ПАО РОСБАНК;;;;atm;Саратов
node;1141989824;atm;;46.0067859;51.5491489;;;;ПАО Сбербанк;Сбербанк;;;atm;Саратов
node;1141989864;atm;;46.0192948;51.541732;;;;ПАО РОСБАНК;;;;atm;Саратов
node;1141989867;atm;;45.995279;51.513556;;;;"ПАО Банк ""ФК Открытие""";Открытие;;;atm;Саратов
node;1141989868;atm;;45.9271753;51.4653995;;;;ПАО Сбербанк;Сбербанк;;;atm;Саратов
node;1141989871;atm;;45.999141;51.5136935;;;;ПАО РОСБАНК;;;;atm;Саратов
node;1141989907;atm;;45.9899324;51.5113096;;;;"АО ""Альфа-Банк""";Альфа-Банк;;;atm;Саратов
node;1141989992;atm;;46.0156116;51.5332292;;;;ПАО Сбербанк;Сбербанк;;;atm;Саратов
node;1141990060;atm;;45.930963;51.4862472;;;;ПАО РОСБАНК;;;;atm;Саратов
node;1141990086;atm;;46.0456803;51.5566099;;;;"АО ""Альфа-Банк""";Альфа-Банк;;;atm;Саратов
node;1141990105;atm;;46.040895;51.532806;;;;"ПАО Банк ""ФК Открытие""";;;;atm;Саратов
node;1141990121;atm;;46.030753;51.533159;;;;ПАО Сбербанк;Сбербанк;;;atm;Саратов
node;1141990215;atm;;46.006454;51.5485371;;;;"ПАО Банк ""ФК Открытие""";;;;atm;Саратов
node;1141990224;atm;;46.034607;51.525382;;;;ПАО Сбербанк;Сбербанк;;;atm;Саратов
node;1141990278;atm;;46.0749725;51.5735409;;;;"АО ""Райффайзенбанк""";Райффайзен;;;atm;Саратов
node;1141990616;atm;;46.0557667;51.5263627;;;;ПАО Сбербанк;Сбербанк;;;atm;Саратов
node;1141990632;shop;Магнит;45.9623551;51.5778097;;;;;;supermarket;;;Саратов
node;1141990696;atm;;45.968974;51.5978467;;;;"ПАО Банк ""ФК Открытие""";;;;atm;Саратов
node;1141990697;atm;;46.048001;51.525505;;;;ПАО Сбербанк;Сбербанк;;;atm;Саратов
node;1141990707;atm;;46.06037;51.5332799;;;;ПАО Сбербанк;Сбербанк;;;atm;Саратов
node;1141990817;atm;;45.956863;51.5775593;;;;Банк ВТБ (ПАО);ВТБ;;;atm;Саратов
node;1141990825;atm;;46.042117;51.531332;;;;Банк ВТБ (ПАО);ВТБ;;;atm;Саратов
node;1141990837;atm;;46.0208439;51.5647766;;;;ПАО Сбербанк;Сбербанк;;;atm;Саратов
node;1141990868;atm;;46.0124742;51.5437817;;;;Банк ГПБ (АО);Газпромбанк;;;atm;Саратов
node;1141990916;atm;;45.972821;51.508669;;;;"ПАО ""Промсвязьбанк""";Промсвязьбанк;;;atm;Саратов
node;1141991062;atm;;46.025812;51.521689;;;;Сбербанк;Сбербанк;;;atm;Саратов
node;1141991118;atm;;46.0021529;51.5205956;;;;ПАО Сбербанк;Сбербанк;;;atm;Саратов
node;1141991139;atm;;46.026217;51.528195;;;;"ПАО ""Промсвязьбанк""";Промсвязьбанк;;;atm;Саратов
node;1141991479;atm;;45.902177;51.47735;;;;ПАО Сбербанк;Сбербанк;;;atm;Саратов
node;1141991521;atm;;45.99797;51.53532;;;;"АО ""Экономбанк""";;;;atm;Саратов
node;1141991533;atm;;45.9749201;51.5778559;;;;ПАО Сбербанк;Сбербанк;;;atm;Саратов
node;1141991567;atm;;45.9707336;51.5791782;;;;"ПАО ""Промсвязьбанк""";Промсвязьбанк;;;atm;Саратов
node;1141991591;atm;;46.1048934;51.5820659;;;;ПАО РОСБАНК;;;;atm;Саратов
node;1141991609;atm;;45.929908;51.487822;;;;ПАО Сбербанк;Сбербанк;;;atm;Саратов
node;1141991695;atm;;45.970047;51.575992;;;;ПАО Сбербанк;Сбербанк;;;atm;Саратов
node;1141991757;atm;;45.946059;51.591351;;;;Банк ГПБ (АО);Газпромбанк;;;atm;Саратов
node;1141991775;atm;;45.956804;51.577616;;;;ПАО РОСБАНК;;;;atm;Саратов
node;1141991853;atm;;46.013263;51.544464;;;;"АО ""Экономбанк""";;;;atm;Саратов
node;1141991973;atm;;46.0053048;51.5327864;;;;ПАО РОСБАНК;;;;atm;Саратов
node;1141992001;atm;;45.983298;51.5379126;;;;"АО ""Альфа-Банк""";Альфа-Банк;;;atm;Саратов
node;1141992396;atm;;46.0263682;51.5319067;;;;"ПАО Банк ""ФК Открытие""";;;;atm;Саратов
node;1141992881;shop;Гроздь;45.9590076;51.5776897;;Одесская улица;24А;;;convenience;;;Саратов
node;1141992915;atm;;45.9036037;51.5990938;;;;ПАО Сбербанк;Сбербанк;;;atm;Саратов
node;1141992926;atm;;46.0470701;51.5269978;;;;"ООО ""ХКФ Банк""";;;;atm;Саратов
node;1141992927;atm;;46.062825;51.53095;;;;АО «ТБанк»;Т-Банк;;;atm;Саратов
node;1141992928;atm;;46.014197;51.517715;;;;"АО ""Альфа-Банк""";Альфа-Банк;;;atm;Саратов
node;1141992933;atm;;46.030552;51.532502;;;;"ООО ""ХКФ Банк""";;;;atm;Саратов
node;1141993058;atm;;45.9662939;51.5865643;;;;"ПАО Банк ""ФК Открытие""";;;;atm;Саратов
node;1141993061;atm;;45.9775253;51.58297;;;;ПАО Сбербанк;Сбербанк;;;atm;Саратов
node;1142404139;shop;Магнит;45.9576021;51.5766697;;;;;;supermarket;;;Саратов
node;1144172772;shop;Гроздь;45.9643647;51.5827389;;;;;;convenience;;;Саратов
node;1157298470;bank;Сбербанк;46.027619;51.5609342;;Высокая улица;19А;;Сбербанк;;;bank;Саратов
node;1172135287;shop;Магнит;45.9413029;51.4937049;;;;;;supermarket;;;Саратов
node;1172740063;shop;Семейный;46.0383287;51.5247267;;;;;;convenience;;;Саратов
node;1189391623;shop;Семейный;46.0291199;51.5291267;;;;;Семейный;convenience;;;Саратов
node;1194049560;shop;Магнит;46.110821;51.4923534;;;;;;supermarket;;;Энгельс
node;1194478804;shop;Магнит;46.1160018;51.4913181;;;;;;supermarket;;;Энгельс
node;1242054441;service;;46.1429992;51.471231;;;;;;hairdresser;;;Энгельс
node;1242054467;bank;Сбербанк;46.1437314;51.4716795;;;;ПАО Сбербанк;Сбербанк;;;bank;Энгельс
node;1242054509;shop;Пятёрочка;46.1387575;51.4732309;;;;;;convenience;;;Энгельс
node;1242054514;shop;;46.1433934;51.4713129;;;;;;convenience;;;Энгельс
node;1242054644;shop;Семейный;46.143618;51.4743073;;;;;;convenience;;;Энгельс
node;1247060265;bank;Сбербанк;46.1495116;51.4794328;;;;;Сбербанк;;;bank;Энгельс
node;1247060333;shop;Гроздь;46.1485132;51.4796158;;;;;;convenience;;;Энгельс
node;1250149185;shop;Пятёрочка;46.1660222;51.5013088;;;;;Пятёрочка;supermarket;;;Энгельс
node;1272244438;bank;Сбербанк;46.1241182;51.4977895;;;;ПАО Сбербанк;Сбербанк;;;bank;Энгельс
node;1272834190;shop;Магнит;47.8187;52.0220805;;;;;Магнит;supermarket;;;Балаково
node;1272946858;shop;Ярослав;47.8216866;52.0204394;;;;;;supermarket;;;Балаково
node;1282122122;shop;Колосок;47.8280576;52.0238762;;;;;;convenience;;;Балаково
node;1282122171;shop;Магнит;47.8250873;52.0171181;;;;;Магнит;supermarket;;;Балаково
node;1287622253;atm;;47.8301441;52.0174533;;;;;;;;atm;Балаково
node;1287622324;atm;;47.8396614;52.0210254;;;;;;;;atm;Балаково
node;1287631418;atm;;47.8214454;52.0203596;;;;;;;;atm;Балаково
node;1289279610;shop;Телепорт;46.0417601;51.5256123;;;;;;convenience;;;Саратов
node;1289313405;shop;Продуктовый магазин;46.0434821;51.5261162;;;;;;convenience;;;Саратов
node;1289532726;atm;;47.8185905;52.0190554;;;;;;;;atm;Балаково
node;1289947841;shop;"ТД ""Белфорт""";46.0628887;51.5302022;;;;;;supermarket;;;Саратов
node;1290240681;shop;Магнит;46.0441378;51.5284896;;;;;;supermarket;;;Саратов
node;1302475136;bank;Сбербанк;48.7976646;52.0166283;;Коммунистическая улица;100;;Сбербанк;;;bank;Пугачёв
node;1302481369;shop;"""Гроздь"" у вокзала";48.7981834;52.0140457;;Топорковская улица;;;;supermarket;;;Пугачёв
node;1316815453;shop;Магнит;43.2138507;51.5510497;;;;;Магнит;supermarket;;;Балашов
node;1317286635;shop;Магнит;48.7970505;52.0166321;;Вокзальная улица;;;;supermarket;;;Пугачёв
node;1320151490;shop;;46.1195072;51.4930544;;;;;;convenience;;;Энгельс
node;1321636188;shop;Ваша удача;46.0000082;51.5369189;;;;;;supermarket;;;Саратов
node;1321659509;shop;Астра;45.998828;51.5358345;;;;;;supermarket;;;Саратов
node;1324586627;bank;Газпромбанк;46.0256859;51.5346831;;;;;;;;bank;Саратов
node;1324672407;shop;Магнит;46.0041522;51.5356643;;;;;;supermarket;;;Саратов
node;1330879337;shop;;46.2828512;51.5165907;;;;;;convenience;;;Энгельс
node;1330896522;shop;Колобок;46.0233684;51.5285168;;;;;;convenience;;;Саратов
node;1335947861;bank;Сбербанк;47.7956047;52.0102827;;;;ПАО Сбербанк;Сбербанк;;;bank;Балаково
node;1338059227;shop;Дождь;47.8191493;52.0148402;;улица 30 лет Победы;55А;;;convenience;;;Балаково
node;1342054784;bank;Газпромбанк;47.7738878;52.0317665;;;;;Газпромбанк;;;bank;Балаково
node;1342061746;shop;Гулливер;47.7769712;52.0316421;;;;;;supermarket;;;Балаково
node;1342061749;shop;Магнит;47.7816535;52.0327786;;;;;Магнит;supermarket;;;Балаково
node;1351786304;shop;;43.7764315;52.3890212;;;;;;convenience;;;Ртищево
node;1351786433;shop;;43.6629491;52.3912496;;;;;;convenience;;;Ртищево
node;1355468608;shop;Пятёрочка;47.8317916;52.0262258;;;;;Пятёрочка;supermarket;;;Балаково
node;1362198616;shop;Гроздь;45.9690351;51.6000421;;;;;;convenience;;;Саратов
node;1364323049;shop;;46.2031185;51.6016593;;;;;;convenience;;;Энгельс
node;1364323055;shop;;46.2033561;51.6020263;;;;;;convenience;;;Энгельс
node;1364596819;shop;;45.7623392;51.6507039;;;;;;convenience;;;Татищево
node;1364601217;shop;;45.7664859;51.6499308;;;;;;convenience;;;Татищево
node;1364602470;shop;;45.7651877;51.6501022;;;;;;convenience;;;Татищево
node;1376585315;shop;Пятёрочка;46.1281754;51.480051;;;;;;supermarket;;;Энгельс
node;1376585316;shop;Гроздь;46.1340504;51.4792722;;;;;;supermarket;;;Энгельс
node;1376585317;shop;Магнит;46.1359822;51.4779425;;;;;;supermarket;;;Энгельс
node;1376585318;shop;Семейный;46.1349579;51.4786647;;;;;;supermarket;;;Энгельс
node;1400940435;bank;Открытие;46.1284595;51.481772;;;;;;;;bank;Энгельс
node;1400942681;shop;Пятёрочка;46.1273045;51.4815924;;;;;;supermarket;;;Энгельс
node;1405442964;bank;Сбербанк;46.0454339;51.4071719;;;;;Сбербанк;;;bank;Энгельс
node;1405442970;bank;Эконом банк;46.0429977;51.4066943;;;;;;;;bank;Энгельс
node;1411858206;shop;Магнит;45.9897466;51.5300004;;;;;;supermarket;;;Саратов
node;1411862864;shop;;45.9776481;51.5252461;;;;;;convenience;;;Саратов
node;1411862868;shop;Палитра вкусов;45.9794945;51.5242239;;;;;;supermarket;;;Саратов
node;1426371909;bank;ВТБ;45.9829793;51.5283161;;Большая Садовая улица;94;Банк ВТБ (публичное акционерное общество);ВТБ;;;bank;Саратов
node;1429941356;service;Нефертити;45.9638566;51.580265;;;;;;beauty;;;Саратов
node;1455936216;shop;Гроздь;46.1415462;51.4785304;;;;;;supermarket;;;Энгельс
node;1456581300;shop;Штаны;46.0515836;51.5358625;;;;;;convenience;;;Саратов
node;1472874621;shop;Магнит;47.3761008;52.0665651;;;;;Магнит;supermarket;;;Вольск
node;1493428115;shop;Гроздь;46.1117325;51.4714546;;;;;;convenience;;;Энгельс
node;1493428120;shop;Магнит;46.1117706;51.4710922;;;;;;supermarket;;;Энгельс
node;1494219347;shop;Магнит;45.9207915;51.4905204;;;;;;supermarket;;;Саратов
node;1496179988;shop;Манипулятор;45.9313094;51.4959149;;;;;;convenience;;;Саратов
node;1496207666;bank;ВТБ;45.9594112;51.503035;;;;Банк ВТБ (публичное акционерное общество);ВТБ;;;bank;Саратов
node;1520132775;bank;Сбербанк;47.8366464;52.0270904;;;;;Сбербанк;;;bank;Балаково
node;1520132801;service;;47.8247696;52.0220294;;;;;;hairdresser;;;Балаково
node;1520149848;shop;Магнит;47.8329878;52.0189024;;;;;Магнит;supermarket;;;Балаково
node;1520149859;shop;Пятёрочка;47.8326523;52.0187441;;;;;Пятёрочка;supermarket;;;Балаково
node;1526055906;shop;Продукты;46.2250052;51.5212902;;;;;;convenience;;;Энгельс
node;1557921449;shop;Подсолнух;45.8841244;51.4794629;;;;;;convenience;;;Саратов
node;1578378236;shop;Волна;48.1409886;50.410199;;;;;;convenience;;;Новоузенск
node;1578378256;shop;Алма;48.1407598;50.4102033;;;;;;convenience;;;Новоузенск
node;1578378279;shop;Лилия;48.1369326;50.4110146;;;;;;convenience;;;Новоузенск
node;1608628275;service;;46.0005725;51.5252669;;;;;;hairdresser;;;Саратов
node;1612166643;shop;;46.0004459;51.525287;;;;;;convenience;;;Саратов
node;1612167415;shop;;46.0029645;51.5238735;;;;;;convenience;;;Саратов
node;1612174091;shop;;45.9982974;51.5370888;;;;;;convenience;;;Саратов
node;1620392867;shop;;46.2779215;51.5776624;;;;;;supermarket;;;Энгельс
node;1622183071;shop;Калинка;46.0689582;51.5746544;;;;;;convenience;;;Саратов
node;1640514498;shop;Парадокс;46.0045029;51.5701722;;;;;;convenience;;;Саратов
node;1653131537;shop;Семейный;45.9674561;51.5923257;;;;;Семейный;convenience;;;Саратов
node;1678325465;shop;;46.002843;51.6098047;;;;;;convenience;;;Саратов
node;1693664556;atm;;46.0215986;51.5578966;;;;"ПАО ""Промсвязьбанк""";Промсвязьбанк;;;atm;Саратов
node;1701457013;atm;;43.2168581;51.5494007;;;;ПАО Сбербанк;Сбербанк;;;atm;Балашов
node;1768684840;bank;Сбербанк;48.8113192;52.010276;;;;;Сбербанк;;;bank;Пугачёв
node;1768684844;bank;Сбербанк;48.8005152;52.0259224;;;;;Сбербанк;;;bank;Пугачёв
node;1806188395;shop;Гроздь;43.7961846;52.2594914;;;;;Гроздь;convenience;;;Ртищево
node;1846915686;shop;Ден;48.2829125;51.3522373;;;;;;convenience;;;Ершов
node;1847837740;shop;;48.2834193;51.3525098;;;;;;convenience;;;Ершов
node;1871160861;service;Вангелия;45.9233017;51.5997994;;;;;;hairdresser;;;Саратов
node;1871178496;shop;Магнит;45.9223438;51.5984653;;2-й Московский проезд;6;;Магнит;supermarket;;;Саратов
node;1871857601;shop;Гроздь;45.3913334;52.3125521;;;;;;supermarket;;;Петровск
node;1871904482;shop;Гроздь;45.3903562;52.3042602;Петровск;улица Ломоносова;;;;supermarket;;;Петровск
node;1871923536;shop;Гроздь;45.387199;52.3000684;;;;;;supermarket;;;Петровск
node;1922213803;shop;;45.8946096;51.5314585;;;;;;convenience;;;Саратов
node;1922213808;shop;;45.8956217;51.5320295;;;;;;convenience;;;Саратов
node;1934939267;shop;Магнит;45.9925583;51.5613331;;;;;Магнит;supermarket;;;Саратов
node;2017908136;shop;Пятёрочка;46.162795;51.476696;;;;;;convenience;;;Энгельс
node;2017908138;shop;Магнит;46.1672972;51.5009503;;;;;Магнит;supermarket;;;Энгельс
node;2022620999;shop;;48.5862964;50.1451631;;;;;;convenience;;;Александров Гай
node;2022621043;shop;;48.5863406;50.145017;;;;;;convenience;;;Александров Гай
node;2022621047;service;магазин.. энергосаратов;48.5861999;50.1449714;;дома газовиков;;;;hairdresser;;;Александров Гай
node;2023920619;shop;Магнит;46.1199966;51.4921557;;;;;;supermarket;;;Энгельс
node;2027133253;bank;Уралсиб;46.1223135;51.4953576;;площадь Свободы;22;;;;;bank;Энгельс
node;2031452133;shop;Магазин;45.9847316;51.53716;;;;;;convenience;;;Саратов
node;2031462323;shop;;45.9932596;51.5395407;;;;;;supermarket;;;Саратов
node;2031465680;service;;45.9852398;51.5354199;;;;;;hairdresser;;;Саратов
node;2031468549;shop;;45.9854541;51.5391119;;;;;;convenience;;;Саратов
node;2034874861;shop;;43.1560334;51.5349365;;Привокзальная улица;7;;;convenience;;;Балашов
node;2034874869;shop;Магнит;43.1542829;51.5342793;;Привокзальная улица;11;;;supermarket;;;Балашов
node;2034874887;shop;Гастрономчик;43.1555146;51.5347418;;Привокзальная улица;9;;;convenience;;;Балашов
node;2038378104;shop;Инмарт;46.045989;51.407207;;;;;;convenience;;;Энгельс
node;2038495556;shop;Палитра вкусов;46.0395063;51.4077558;;улица Гагарина;78;;;supermarket;;;Энгельс
node;2039111266;shop;Магнит;46.1350475;51.482229;;;;;;supermarket;;;Энгельс
node;2046036787;shop;Магнит;46.0223098;51.558426;;;;;;supermarket;;;Саратов
node;2050456315;shop;Магнит;46.1013609;51.4884585;;Лесозаводская улица;62;;Магнит;supermarket;;;Энгельс
node;2051295908;shop;Гроздь;45.9652857;51.5697885;;;;;;convenience;;;Саратов
node;2065177084;shop;Гроздь;45.9814149;51.5241232;;;;;;supermarket;;;Саратов
node;2065177094;shop;Магнит;45.9809805;51.523676;;;;;;supermarket;;;Саратов
node;2065177095;shop;Семейный;45.9767934;51.5242901;;;;sergey_sar;Семейный;convenience;;;Саратов
node;2069789802;shop;Магнит;46.1310598;51.4820669;;;;;;supermarket;;;Энгельс
node;2104432042;shop;Колосок;47.9185767;50.2541001;;;;;;convenience;;;Новоузенск
node;2120568302;shop;Космос;46.1337777;51.48327;;;;;;convenience;;;Энгельс
node;2165078542;shop;Магнит;47.7821864;52.0199291;;;;;Магнит;supermarket;;;Балаково
node;2165097414;shop;Курск;47.7824104;52.0199429;;;;;;convenience;;;Балаково
node;2169469556;shop;Магнит;46.0208412;51.5274473;;;;;;supermarket;;;Саратов
node;2197190980;shop;Магнит;47.7878112;52.0220734;;;;;Магнит;supermarket;;;Балаково
node;2247707734;bank;Приват банк;46.0067786;51.5486189;;;;;;;;bank;Саратов
node;2247707735;bank;Райфайзен банк;46.0069028;51.5487142;;;;;;;;bank;Саратов
node;2264551858;bank;Газпромбанк;45.9638118;51.5041389;;;;;;;;bank;Саратов
node;2278298495;shop;;45.9854272;51.5863717;;;;;;convenience;;;Саратов
node;2278298496;shop;Гроздь;45.9790918;51.5844485;;;;;;supermarket;;;Саратов
node;2278298498;shop;Магнит;45.9795398;51.5846984;;;;;;supermarket;;;Саратов
node;2278302408;shop;Магнит;45.9641067;51.5939291;;;;;;supermarket;;;Саратов
node;2278302411;shop;Гроздь;45.9592576;51.5980291;;;;;;supermarket;;;Саратов
node;2278302412;shop;Гроздь;45.9665082;51.5945067;;;;;Гроздь;convenience;;;Саратов
node;2278302413;shop;Спутник;45.958417;51.5981668;;;;;;convenience;;;Саратов
node;2278302414;atm;;45.9546086;51.598894;;;;;;;;atm;Саратов
node;2278302417;shop;;45.9628822;51.5956756;;;;;;supermarket;;;Саратов
node;2278313504;service;;45.9568462;51.596516;;;;;;hairdresser;;;Саратов
node;2288737943;bank;НВК-БАНК;46.0142251;51.5344971;;;;;;;;bank;Саратов
node;2288738326;bank;;46.0145781;51.5317796;;;;;;;;bank;Саратов
node;2288757832;service;;46.0078838;51.5347432;;;;;;hairdresser;;;Саратов
node;2288757983;service;Лица;46.0113047;51.5333742;;;;;;hairdresser;;;Саратов
node;2337879257;shop;Гроздь;45.9635265;51.5981588;;;;;Гроздь;supermarket;;;Саратов
node;2337881925;shop;;45.9631249;51.5983411;;;;;Гроздь;convenience;;;Саратов
node;2339218089;shop;Лесная республика;45.9650256;51.5694667;;;;;;convenience;;;Саратов
node;2339218090;shop;Еда;45.9642995;51.569488;;;;;;convenience;;;Саратов
node;2343121771;shop;Пятёрочка;46.117977;51.498538;;;;;;convenience;;;Энгельс
node;2347663302;bank;ВТБ;46.1216671;51.493536;;;;Банк ВТБ (публичное акционерное общество);ВТБ;;;bank;Энгельс
node;2348942560;service;;46.1484585;51.4802776;;;;;;hairdresser;;;Энгельс
node;2349027017;shop;Гроздь;46.1289614;51.4820432;;;;;;convenience;;;Энгельс
node;2351906103;service;Галатея;46.1247686;51.4780055;;;;;;hairdresser;;;Энгельс
node;2352237728;bank;Сбербанк;46.1223865;51.4885216;;;;;Сбербанк;;;bank;Энгельс
node;2358235073;atm;;46.1616229;51.4889036;;;;ПАО Сбербанк;Сбербанк;;;atm;Энгельс
node;2358235075;atm;;46.1598151;51.4859307;;;;ПАО Сбербанк;Сбербанк;;;atm;Энгельс
node;2362025964;shop;;46.0331467;51.6247297;;;;;;convenience;;;Саратов
node;2362796734;service;;46.1629842;51.4758069;;;;;;hairdresser;;;Энгельс
node;2362796746;shop;Магнит;46.1624866;51.4761434;;;;;;supermarket;;;Энгельс
node;2376650186;shop;Спутник;45.9931048;51.5628694;;;;;;convenience;;;Саратов
node;2376657172;shop;Победа;45.9910236;51.5648379;;;;;;supermarket;;;Саратов
node;2383557097;bank;Сбербанк;45.9957312;51.5606332;;;;;Сбербанк;;;bank;Саратов
node;2383557098;shop;Магнит;45.9958366;51.5605375;;;;;Магнит;supermarket;;;Саратов
node;2441832917;shop;;46.0357274;51.736101;;;;;;convenience;;;Саратов
node;2442468405;shop;Магнит;46.9369145;51.8197454;;;;"АО ""Тандер""";Магнит;supermarket;;;Воскресенское
node;2442468413;shop;;46.9362118;51.820024;;;;;;convenience;;;Воскресенское
node;2442468436;shop;;46.9365444;51.8199411;;;;;;convenience;;;Воскресенское
node;2442476744;atm;;46.9339079;51.8224612;;;;ПАО Сбербанк;Сбербанк;;;atm;Воскресенское
node;2442521951;shop;;46.5873938;51.8268463;;;;;;convenience;;;Маркс
node;2442884315;atm;;46.3959818;51.8148592;;;;ПАО Сбербанк;Сбербанк;;;atm;Маркс
node;2442888101;shop;Продукты;46.4016345;51.8088086;;;;;;convenience;;;Маркс
node;2444919929;shop;Весна-продукты;46.1272155;51.4765733;;;;;;convenience;;;Энгельс
node;2447224480;bank;Сбербанк;46.968257;50.949764;;проспект Победы;23А;;Сбербанк;;;bank;Красный Кут
node;2457071541;shop;Гроздь;45.9857145;51.6103393;;;;;;supermarket;;;Саратов
node;2457071544;shop;;46.1261055;51.4768619;;;;;;convenience;;;Энгельс
node;2465746996;shop;Магнит;46.0386201;51.534659;;;;;Магнит;supermarket;;;Саратов
node;2467283413;bank;Сбербанк;46.0011824;51.5407252;;;;;Сбербанк;;;bank;Саратов
node;2475576871;shop;Магнит;45.9743133;51.5352921;;2-й Детский проезд;59;;;supermarket;;;Саратов
node;2483284277;shop;Магнит;45.9989911;51.5538286;;;;;;supermarket;;;Саратов
node;2483284353;shop;Продукты;45.9996172;51.5518482;;;;;;convenience;;;Саратов
node;2483284357;shop;Продукты;45.999523;51.5523012;;;;;;convenience;;;Саратов
node;2483419189;service;ВоЛенТа;45.9994337;51.5521071;;;;;;hairdresser;;;Саратов
node;2487900089;shop;Смак;46.1390637;51.4697836;;;;;;convenience;;;Энгельс
node;2491091180;bank;Сбербанк;46.0667302;51.6630907;;;;;Сбербанк;;;bank;Саратов
node;2493987611;shop;Магнит;46.1163168;51.4672498;;;;;;supermarket;;;Энгельс
node;2494029499;shop;Гроздь;46.1474737;51.4700951;;;;;;supermarket;;;Энгельс
node;2494030986;shop;Глория;46.1480793;51.4701238;;;;;;supermarket;;;Энгельс
node;2494030988;shop;Фортуна;46.1481384;51.4701437;;;;;;supermarket;;;Энгельс
node;2498826750;bank;Альфа-Банк;46.0450468;51.5280677;;;;"АО ""Альфа-Банк""";Альфа-Банк;;;bank;Саратов
node;2503246524;bank;;45.3900808;52.3033138;Петровск;улица 1 Мая;94;;;;;bank;Петровск
node;2503578673;shop;Продукты;45.9664458;51.5844839;;;;;;convenience;;;Саратов
node;2523084472;shop;ИП Снопова И.В.;46.1385522;51.4731838;;;;;;convenience;;;Энгельс
node;2548041847;atm;;47.3737652;52.0656341;;;;ПАО Сбербанк;Сбербанк;;;atm;Вольск
node;2553969277;shop;;46.6268533;52.4668071;;;;;;convenience;;;прочие населённые пункты
node;2617380875;bank;Меткомбанк;46.0427034;51.5268101;;;;"ПАО ""МЕТКОМБАНК""";;;;bank;Саратов
node;2624604700;shop;Гроздь;45.9714197;51.5846607;;;;;;supermarket;;;Саратов
node;2624604701;shop;Пятерочка;45.9718796;51.5843827;;;;;;supermarket;;;Саратов
node;2624606380;service;MiOla;45.9653892;51.5684006;;;;;;hairdresser;;;Саратов
node;2655750340;shop;;45.9773823;51.6101235;;;;;;convenience;;;Саратов
node;2669535938;bank;Сбербанк;47.0162071;51.8209114;Подлесное;Комсомольская улица;88;;Сбербанк;;;bank;Подлесное
node;2719741667;atm;;48.2835373;51.3515208;;;;ПАО Сбербанк;Сбербанк;;;atm;Ершов
node;2719741668;atm;;48.2861965;51.3621565;;;;ПАО Сбербанк;Сбербанк;;;atm;Ершов
node;2771771613;shop;Колобок;45.9923879;51.6092103;;;;;;convenience;;;Саратов
node;2859729722;shop;Гулливер;47.7831086;52.0277529;;;;;Гулливер;supermarket;;;Балаково
node;2868251699;shop;Магнит;45.9543078;51.5125548;;;;;;supermarket;;;Саратов
node;2872487110;bank;Сбербанк;45.0113993;51.8749091;Аткарск;улица Максима Горького;24А;;Сбербанк;;;bank;Аткарск
node;2872623175;shop;Пятачок;45.0015324;51.8762317;;;;;;convenience;;;Аткарск
node;2872623178;shop;Гроздь;45.0076094;51.8765212;;;;;Гроздь;convenience;;;Аткарск
node;2874004874;shop;Магнит;45.9444804;51.510157;;;;;;supermarket;;;Саратов
node;2935211947;service;Низкие цены;47.828671;52.0209723;;;;;;hairdresser;;;Балаково
node;2972474855;shop;Магнит;45.9490464;51.5131149;;;;;;supermarket;;;Саратов
node;2978454637;shop;Гроздь;45.9554299;51.5134705;;;;;;supermarket;;;Саратов
node;3004605607;shop;Магнит;45.9152976;51.5008654;;;;;;supermarket;;;Саратов
node;3015610987;shop;Лира;46.744859;51.7099874;;;;;;convenience;;;Маркс
node;3066129874;shop;Гроздь;45.969851;51.6045975;;;;;Гроздь;convenience;;;Саратов
node;3069541234;shop;Семейный;46.0121824;51.5473716;;;;;Семейный;convenience;;;Саратов
node;3090802927;shop;Пятёрочка;45.9919947;51.5626084;;;;;Пятёрочка;supermarket;;;Саратов
node;3138948508;shop;Магнит;46.010668;51.51744;;;;;;supermarket;;;Саратов
node;3138958670;shop;Магнит;46.0145029;51.5195212;;;;;;supermarket;;;Саратов
node;3152295790;shop;Семейный;45.9286937;51.4743418;;;;;Семейный;convenience;;;Саратов
node;3177517555;shop;Магнит;45.969429;51.598277;;;;;;supermarket;;;Саратов
node;3177517557;shop;Гроздь;45.9672756;51.5902535;;;;;;supermarket;;;Саратов
node;3177517558;shop;Пятёрочка;45.9734333;51.5909171;;;;;Пятёрочка;supermarket;;;Саратов
node;3178429566;shop;Хороший;45.9691382;51.592016;;;;;;convenience;;;Саратов
node;3178429584;shop;Семейный;45.9687401;51.5899283;;;;;Семейный;convenience;;;Саратов
node;3182241936;shop;Гроздь;46.0458632;51.4076091;;;;;;supermarket;;;Энгельс
node;3184984290;shop;Магнит;45.9420428;51.5023074;;;;;;supermarket;;;Саратов
node;3215289755;shop;Семейный;45.9503579;51.5177822;;;;;Семейный;supermarket;;;Саратов
node;3220415557;shop;Гроздь;46.1183011;51.4966415;;Петровская улица;88;;Гроздь;convenience;;;Энгельс
node;3220429588;shop;;46.1210222;51.4936319;;улица Волоха;10;;;convenience;;;Энгельс
node;3229805654;shop;Гроздь;46.1171052;51.4999513;;улица Максима Горького;24А;;;supermarket;;;Энгельс
node;3229827698;shop;Пятёрочка;46.0950129;51.4978373;;Трудовая улица;12/1;;Пятёрочка;supermarket;;;Энгельс
node;3267648811;shop;Магнит;47.7823043;52.0273832;;;;;Магнит;supermarket;;;Балаково
node;3267648814;bank;Сбербанк;47.7823788;52.0237905;;;;;Сбербанк;;;bank;Балаково
node;3267648844;service;Золотая шпилька;47.7818707;52.0263305;;;;;;hairdresser;;;Балаково
node;3273554694;service;;47.7819693;52.0274281;;;;;;hairdresser;;;Балаково
node;3273613796;shop;Перекрёсток;47.7975792;52.010731;;;;;;supermarket;;;Балаково
node;3278222225;service;;47.7802964;52.0283611;;;;;;hairdresser;;;Балаково
node;3281625546;atm;;45.9052429;51.6014903;;;;ПАО Сбербанк;Сбербанк;;;atm;Саратов
node;3294425575;shop;;47.9290871;52.2959387;;;;;;convenience;;;Хвалынск
node;3319124967;shop;Глория;46.1395787;51.4748329;;;;;;convenience;;;Энгельс
node;3320350492;shop;Парус;46.1407499;51.4725987;;;;;;convenience;;;Энгельс
node;3320587758;shop;;46.1556002;51.4762015;;;;;;convenience;;;Энгельс
node;3411212752;service;Анастасия;45.9683774;51.590743;;;;;;hairdresser;;;Саратов
node;3419361824;shop;Магнит;47.2016349;52.1189554;;;;"АО ""Тандер""";Магнит;supermarket;;;Шиханы
node;3419361825;bank;Сбербанк;47.1918928;52.1121802;;;;;Сбербанк;;;bank;Шиханы
node;3431806126;shop;Спутник;45.9832609;51.5690848;;;;;;convenience;;;Саратов
node;3431806952;bank;;45.9672125;51.5909133;;;;;;;;bank;Саратов
node;3436647208;service;;45.9690621;51.5991267;;;;;;hairdresser;;;Саратов
node;3441482995;shop;;45.8606891;51.5877953;;;;Гроздь;;convenience;;;Саратов
node;3444748744;service;Флирт;46.1168788;51.5044665;;улица Берег Волги;3;;;hairdresser;;;Энгельс
node;3447547266;shop;Дубки;45.9255579;51.5991365;;;;;;convenience;;;Саратов
node;3447806674;shop;;45.9158344;51.5888599;;;;;;convenience;;;Саратов
node;3447806680;shop;;45.9160628;51.5888923;;;;;;convenience;;;Саратов
node;3447806996;shop;;45.9126951;51.5912007;;;;;;convenience;;;Саратов
node;3458837930;shop;Магнит;46.9607192;50.9495341;Красный Кут;Рабочая улица;;;;supermarket;;;Красный Кут
node;3458901231;shop;Гроздь;46.9562326;50.9481349;Красный Кут;Рабочая улица;59;;;supermarket;;;Красный Кут
node;3458902753;atm;;46.9562567;50.9480591;Красный Кут;Рабочая улица;59;ПАО Сбербанк;Сбербанк;;;atm;Красный Кут
node;3461105968;shop;Магнит;46.9703133;50.9491871;Красный Кут;;;;;supermarket;;;Красный Кут
node;3495461260;shop;;45.95817;51.4875108;;;;;;convenience;;;Саратов
node;3500987179;shop;Пятёрочка;45.9266397;51.5888132;;;;;;convenience;;;Саратов
node;3500987180;shop;Магнит;45.9305919;51.5881884;;;;;;supermarket;;;Саратов
node;3501081992;shop;;45.9287809;51.5895809;;;;;;convenience;;;Саратов
node;3501090960;shop;;45.9309023;51.5898199;;;;;;convenience;;;Саратов
node;3501098111;shop;Гроздь;45.931471;51.5938992;;;;;;convenience;;;Саратов
node;3507549273;shop;;46.2585159;51.5644582;;;;;;convenience;;;Энгельс
node;3520087977;shop;;45.9966747;51.5637809;;;;;;convenience;;;Саратов
node;3520088109;service;;45.9944493;51.5597683;;;;;;hairdresser;;;Саратов
node;3520088111;shop;;45.9940717;51.5597732;;;;;;convenience;;;Саратов
node;3520088422;shop;;45.9674612;51.5852905;;;;;;convenience;;;Саратов
node;3520088432;shop;Семейный;45.9689261;51.5820024;;;;;;convenience;;;Саратов
node;3523582397;shop;;45.9718793;51.5957569;;;;;;convenience;;;Саратов
node;3523582655;shop;Вкусно-красиво;45.9720282;51.5948164;;;;;;convenience;;;Саратов
node;3523582658;shop;Островок;45.9733407;51.5958867;;;;;;convenience;;;Саратов
node;3533786057;shop;Магнит;46.2038165;51.5085667;;;;;;supermarket;;;Энгельс
node;3541612802;shop;Магнит;45.9609325;51.5838082;;;;;;supermarket;;;Саратов
node;3541612806;bank;;45.9715546;51.5791662;;;;;;;;bank;Саратов
node;3545002379;service;;45.961906;51.5859209;;;;;;hairdresser;;;Саратов
node;3545002519;shop;;45.9632779;51.5924522;;;;;;convenience;;;Саратов
node;3545593997;shop;;45.9077847;51.0719309;;;;;;convenience;;;Красноармейск
node;3556457933;shop;;46.2110691;51.6343619;;;;;;convenience;;;Энгельс
node;3557380401;service;A & C;45.9658954;51.5994197;;;;;;hairdresser;;;Саратов
node;3557380408;shop;Продукты;45.9654971;51.5966991;;;;;;convenience;;;Саратов
node;3557380409;shop;Продукты;45.9653123;51.5969994;;;;Квартет и К;;convenience;;;Саратов
node;3557380410;shop;Продукты;45.9664575;51.5997999;;проспект Строителей;25;Борисов А.В.;;convenience;;;Саратов
node;3557380411;bank;Сбербанк;45.9679622;51.5982628;;;;;Сбербанк;;;bank;Саратов
node;3565413559;service;Солярий;45.9041465;51.4779315;;;;;;beauty;;;Саратов
node;3576175517;service;Людмила;45.9659811;51.6002315;;;;;;hairdresser;;;Саратов
node;3576175520;shop;Продукты;45.9635969;51.6015396;;;;;;convenience;;;Саратов
node;3576184702;shop;;45.9674877;51.6027402;;;;;;convenience;;;Саратов
node;3578720896;shop;Магнит;45.936467;51.5901856;;;;;;supermarket;;;Саратов
node;3578812479;shop;;45.939393;51.5882695;;улица Зои Космодемьянской;8;;;convenience;;;Саратов
node;3578968763;atm;;45.9404772;51.5865452;;;;;;;;atm;Саратов
node;3579117847;service;Сонет;46.0332146;51.5275054;;;;;;hairdresser;;;Саратов
node;3586338602;atm;;45.9649058;51.5835748;;;;ПАО Сбербанк;Сбербанк;;;atm;Саратов
node;3587462823;service;Ксения;45.9384592;51.588401;;улица Зои Космодемьянской;10;;;hairdresser;;;Саратов
node;3587462830;shop;Рациональ;45.9384586;51.5885506;;улица Зои Космодемьянской;10;;;convenience;;;Саратов
node;3587462831;shop;Хозяюшка;45.9388477;51.5883348;;улица Зои Космодемьянской;10;;;convenience;;;Саратов
node;3587462834;shop;Местечко;45.9377912;51.5907921;;;;;;convenience;;;Саратов
node;3587462879;shop;;45.9301644;51.588266;;;;;;convenience;;;Саратов
node;3587462881;shop;;45.931737;51.5879873;;;;;;convenience;;;Саратов
node;3587462887;shop;;45.9310154;51.5881095;;;;;;convenience;;;Саратов
node;3587463607;shop;Рациональ;45.9273922;51.5887336;;;;;;convenience;;;Саратов
node;3587463609;service;Софи;45.9277377;51.5886748;;;;;;hairdresser;;;Саратов
node;3587463612;shop;;45.9279234;51.5886425;;;;;;convenience;;;Саратов
node;3599311458;shop;Продукты;45.8951988;51.5292621;;;;;;convenience;;;Саратов
node;3616662830;shop;Свежая рыба;45.9392356;51.5882694;;;;;;convenience;;;Саратов
node;3617826669;shop;Продукты;45.9674165;51.6014703;;;;Алмаз;;convenience;;;Саратов
node;3635177790;shop;Куры, мясо, яйцо;45.9423947;51.587732;;;;;;convenience;;;Саратов
node;3639106796;shop;Семейный;45.9504128;51.5930392;;;;;Семейный;convenience;;;Саратов
node;3639106800;shop;Колобок;45.9502777;51.5932638;;;;;;convenience;;;Саратов
node;3647226596;shop;Колобок продукты;45.97293;51.5850843;;;;;;convenience;;;Саратов
node;3647875831;service;Кокетка;45.9934666;51.5629862;;;;;;hairdresser;;;Саратов
node;3649238843;shop;Вкусы Поволжья;45.9687109;51.5859852;;;;;;convenience;;;Саратов
node;3649336760;bank;Русский стандарт;45.9687978;51.5971087;;;;;;;;bank;Саратов
node;3670176940;bank;Сбербанк;45.9830339;51.5692997;;проспект 50 лет Октября;75А;;Сбербанк;;;bank;Саратов
node;3676536787;shop;"""Наш""";49.7196881;51.1998097;;;;;;convenience;;;Озинки
node;3676643432;shop;Магнит;49.7103969;51.1922796;;;;;;supermarket;;;Озинки
node;3676645655;bank;Сбербанк;49.728121;51.1987811;;;;;Сбербанк;;;bank;Озинки
node;3677394203;shop;Магнит;46.8483927;51.3803563;Степное;Октябрьская улица;17;;;supermarket;;;Степное
node;3677397327;shop;Магнит;46.8396628;51.3797348;Степное;улица Кирова;4;;;supermarket;;;Степное
node;3677421261;atm;;46.846953;51.3751312;;;;ПАО Сбербанк;Сбербанк;;;atm;Степное
node;3677430667;atm;;46.8402973;51.3729388;;;;ПАО Сбербанк;Сбербанк;;;atm;Степное
node;3680011535;shop;Перекресток;49.7304041;51.1995158;;;;;;convenience;;;Озинки
node;3680011548;shop;;49.7286231;51.1960182;;;;;;supermarket;;;Озинки
node;3680011555;shop;Магнит Косметик;49.7288459;51.1963021;;;;;;supermarket;;;Озинки
node;3680011597;shop;Перспектива;49.7336315;51.2005682;;;;;;convenience;;;Озинки
node;3680011612;shop;;49.7282342;51.1959089;;;;;;convenience;;;Озинки
node;3680567014;shop;;49.7222721;51.1968997;;;;;;convenience;;;Озинки
node;3682675380;shop;"""Медок""";49.7319934;51.1980546;;;;;;convenience;;;Озинки
node;3717120136;shop;Продукты из Белорусии;45.9670489;51.5849815;;;;;;convenience;;;Саратов
node;3717120138;shop;Семейный;45.9493993;51.5833351;;;;;;convenience;;;Саратов
node;3717214383;service;;45.9064531;51.5867054;;;;;;hairdresser;;;Саратов
node;3717215350;shop;Гроздь;45.9559502;51.5921753;Саратов;улица Шехурдина;54;;Гроздь;convenience;;;Саратов
node;3724456976;bank;Газпромбанк;46.11726;51.5030565;;;;;;;;bank;Энгельс
node;3751978449;shop;;46.0705533;51.5810292;;;;;;convenience;;;Саратов
node;3761794593;shop;Продукты;45.9212248;51.6246135;;;;;;convenience;;;Саратов
node;3762626666;service;Расческа;47.77994;52.0314934;;;;;;hairdresser;;;Балаково
node;3768741970;service;;47.7831744;52.0360024;;;;;;hairdresser;;;Балаково
node;3770776086;shop;Продукты;46.2243053;51.5119134;;;;;;convenience;;;Энгельс
node;3772993999;bank;ВТБ;47.7819047;52.0356857;;;;Банк ВТБ (публичное акционерное общество);ВТБ;;;bank;Балаково
node;3772994000;shop;Гроздь;47.7823605;52.0244633;;;;;;convenience;;;Балаково
node;3772994023;shop;Ярослав;47.7817819;52.0347086;;улица Ленина;56;;;supermarket;;;Балаково
node;3782509340;service;;45.969231;51.602048;;;;;;hairdresser;;;Саратов
node;3783780372;shop;;45.9610535;51.5967834;;;;;;convenience;;;Саратов
node;3783787766;shop;Магнит;46.0087382;51.5332908;;;;;;supermarket;;;Саратов
node;3785049103;service;Жемчужина;45.968882;51.59565;;;;;;beauty;;;Саратов
node;3785049109;shop;;46.0212717;51.5264222;;;;;;convenience;;;Саратов
node;3786498706;shop;Мясное местечко;45.9992375;51.5574816;;;;;;convenience;;;Саратов
node;3786498707;shop;;45.9674118;51.5919359;;;;;;convenience;;;Саратов
node;3787918217;service;;46.0192919;51.5275217;;;;;;beauty;;;Саратов
node;3787920141;service;Салон Колибри;45.9682382;51.5861705;;;;;;hairdresser;;;Саратов
node;3787920157;shop;Магнит;45.995686;51.5586698;;;;"АО ""Тандер""";Магнит;supermarket;;;Саратов
node;3787920172;shop;Семейный;46.021676;51.5366639;;;;;;supermarket;;;Саратов
node;3789280369;shop;Семейный;45.9699146;51.579908;;;;;;supermarket;;;Саратов
node;3789280372;bank;;45.9942749;51.5618385;;;;;;;;bank;Саратов
node;3793715962;bank;;46.0187178;51.5276744;;;;;;;;bank;Саратов
node;3793716199;shop;Малина;46.0199379;51.5273696;;;;;;convenience;;;Саратов
node;3796358761;shop;Хлебница;46.0141107;51.5309846;;;;ИП Киселев Дмитрий Петрович;;convenience;;;Саратов
node;3797746884;shop;Магнит;46.0168341;51.5372466;;;;;;supermarket;;;Саратов
node;3797746905;shop;Пятёрочка;45.9642513;51.5840093;;;;;;supermarket;;;Саратов
node;3801132147;shop;Полянка;42.755572;51.7349804;;;;;;convenience;;;прочие населённые пункты
node;3801132148;shop;Магнит;42.7580694;51.7486128;;;;;;convenience;;;прочие населённые пункты
node;3805834772;shop;;45.9626473;51.5911597;;;;;;convenience;;;Саратов
node;3805834804;shop;Гроздь;45.9588792;51.5909809;;;;;;supermarket;;;Саратов
node;3805834835;shop;Дубки;45.9597643;51.5976795;;;;;;convenience;;;Саратов
node;3805843077;bank;Экономбанк;45.974085;51.5785381;;;;;;;;bank;Саратов
node;3805843078;bank;Сбербанк;45.9748654;51.5778915;;;;;Сбербанк;;;bank;Саратов
node;3805843099;shop;Магнит;46.016306;51.533908;;;;;;supermarket;;;Саратов
node;3805843125;shop;Магнит;46.0236172;51.5303453;;;;;Магнит;supermarket;;;Саратов
node;3805905821;shop;Продукты;46.0060453;51.5554388;;;;;;convenience;;;Саратов
node;3806340364;shop;Перекрёсток;46.0148332;51.5415036;;;;"Торговый дом ""ПЕРЕКРЕСТОК""";Перекрёсток;supermarket;;;Саратов
node;3810988164;shop;Пятёрочка;46.0151169;51.5439827;;;;;;supermarket;;;Саратов
node;3810988183;shop;Магнит;46.0104415;51.531571;;;;;Магнит;supermarket;;;Саратов
node;3811009653;shop;Магнит;45.9697058;51.5846166;;;;;;supermarket;;;Саратов
node;3814451402;shop;;46.0136363;51.5288142;;;;;;convenience;;;Саратов
node;3814451408;shop;Продукты;46.0197631;51.5274057;;;;;;convenience;;;Саратов
node;3815876960;shop;Магнит;46.0188444;51.528537;;;;;;supermarket;;;Саратов
node;3817489944;service;Drugoy;46.0173995;51.5365392;;;;;;beauty;;;Саратов
node;3817561285;shop;;45.9753962;51.5753104;;;;;;supermarket;;;Саратов
node;3825322615;service;Академия красоты;46.0129061;51.5389061;;;;;;hairdresser;;;Саратов
node;3835046070;shop;Спутник;46.0532612;51.5293372;;;;;;supermarket;;;Саратов
node;3835046071;shop;Семейный;46.0400793;51.5326032;;;;;;supermarket;;;Саратов
node;3844160786;shop;;46.0201634;51.5263882;;;;;;convenience;;;Саратов
node;3871288313;bank;Агроном пром кредит;46.0128137;51.5390087;;;;;;;;bank;Саратов
node;3871288314;bank;;45.9716524;51.5810641;;;;;;;;bank;Саратов
node;3873287324;shop;Гроздь;45.9089293;51.6084554;;;;;;supermarket;;;Саратов
node;3895162065;shop;Магнит;47.8031779;52.0017439;;;;"ЗАО ""Тандер""";Магнит;supermarket;;;Балаково
node;3928291625;shop;Продукты из Казахстана;45.9240166;51.5995015;;;;;;convenience;;;Саратов
node;3933014701;shop;Рациональ;46.0089035;51.5210679;;;;;;convenience;;;Саратов
node;3933016589;service;Ирина;46.0088308;51.5210313;;;;;;hairdresser;;;Саратов
node;3938248340;service;Ваш стиль;46.0113734;51.5221728;;;;;;beauty;;;Саратов
node;3948488360;shop;Пятёрочка;45.9785972;51.5728867;;;;;Пятёрочка;supermarket;;;Саратов
node;3948488361;bank;Абсолют;46.0096067;51.5346908;;;;;;;;bank;Саратов
node;3948488438;shop;;46.0195783;51.5516915;;;;;;convenience;;;Саратов
node;3948575188;shop;Пятёрочка;46.0068062;51.548916;;;;;Пятёрочка;supermarket;;;Саратов
node;3961778626;service;Имидж и дизайн;46.0528688;51.5288349;;;;;;hairdresser;;;Саратов
node;3961811040;shop;Спутник;46.027767;51.5221902;;;;;;supermarket;;;Саратов
node;3962002420;shop;Магнит;46.0288427;51.5629535;;;;;Магнит;supermarket;;;Саратов
node;3962068995;bank;Сбербанк;46.0149693;51.5384953;;;;;Сбербанк;;;bank;Саратов
node;3962202347;shop;Спутник;46.0465502;51.5312325;;;;;;supermarket;;;Саратов
node;3977848929;service;;46.0195285;51.5283129;;;;;;hairdresser;;;Саратов
node;3977852379;atm;;46.0209055;51.5294214;;;;ПАО РОСБАНК;;;;atm;Саратов
node;3997899552;service;;46.0213709;51.5287996;;;;;;hairdresser;;;Саратов
node;3999611262;shop;Магнит;46.0420268;51.5395384;;;;;;supermarket;;;Саратов
node;4017439931;bank;Альфа-Банк;46.030932;51.5323976;;;;"АО ""Альфа-Банк""";Альфа-Банк;;;bank;Саратов
node;4017470153;shop;Магнит;45.9981653;51.537085;;;;;;supermarket;;;Саратов
node;4020910871;service;Природа Красоты;46.0156006;51.5277399;;;;;;beauty;;;Саратов
node;4020910875;atm;;46.0208427;51.5326867;;;;;;;;atm;Саратов
node;4020910887;atm;;46.0142074;51.5468833;;;;;;;;atm;Саратов
node;4025083717;shop;Продукты;46.0081846;51.5349486;;;;;;convenience;;;Саратов
node;4025083721;shop;;46.0166541;51.5272232;;;;;;supermarket;;;Саратов
node;4028435117;shop;Гроздь;45.9978028;51.5588824;;;;;;supermarket;;;Саратов
node;4028435119;shop;Магнит;45.9997519;51.5579379;;;;;;supermarket;;;Саратов
node;4028761704;shop;;45.9643159;51.5925163;;;;;;convenience;;;Саратов
node;4028761709;shop;Вкусы Поволжья;45.968184;51.5898658;;;;;;convenience;;;Саратов
node;4039101331;shop;Магнит;46.0188069;51.5389744;;;;;;supermarket;;;Саратов
node;4039101345;service;Адам и ева;46.0171963;51.5270895;;;;;;beauty;;;Саратов
node;4039101380;shop;Спутник;46.0220751;51.559093;;;;;;convenience;;;Саратов
node;4039101384;service;Лакомания;46.0216848;51.560231;;;;;;beauty;;;Саратов
node;4039101491;shop;Магнит;46.0214969;51.5646207;;;;;;supermarket;;;Саратов
node;4039101499;shop;Фамильные колбасы;46.0219088;51.564561;;;;;;convenience;;;Саратов
node;4039101520;shop;Гроздь;46.0227636;51.567091;;;;;;supermarket;;;Саратов
node;4039101533;shop;Гроздь;46.0256751;51.5662208;;;;;;supermarket;;;Саратов
node;4039101556;shop;;45.9695164;51.6023711;;;;;;convenience;;;Саратов
node;4039101559;shop;;45.9695137;51.6031208;;;;;;convenience;;;Саратов
node;4039101562;shop;Спутник;45.9751893;51.6024687;Саратов;улица Академика Антонова;8;;;supermarket;;;Саратов
node;4039101571;shop;Пятерочка;45.9809185;51.6028287;;;;;;supermarket;;;Саратов
node;4039101587;shop;Малина;45.9981931;51.6007181;;;;;;convenience;;;Саратов
node;4039101588;shop;Ням-ням;46.00605;51.6001856;;;;;;supermarket;;;Саратов
node;4061447573;shop;Пятёрочка;45.979604;51.568066;;;;;Пятёрочка;supermarket;;;Саратов
node;4061490087;service;Парикмахерская 50 рублей;45.9915453;51.5157962;;;;;;hairdresser;;;Саратов
node;4062262111;service;Rio;46.0141671;51.5327959;;;;;;hairdresser;;;Саратов
node;4062262112;service;;46.0187387;51.5270213;;;;;;hairdresser;;;Саратов
node;4062262318;bank;;46.0165703;51.542315;;;;;;;;bank;Саратов
node;4062262319;service;;46.0167084;51.5425578;;;;;;hairdresser;;;Саратов
node;4062262326;bank;;46.0169807;51.5434769;;;;;;;;bank;Саратов
node;4062262333;service;;46.0166732;51.5436764;;;;;;hairdresser;;;Саратов
node;4062262374;shop;Магнит;46.0170866;51.5421916;;;;;;supermarket;;;Саратов
node;4062262378;service;Студия красоты Юники Мокану;46.0156594;51.5439365;;;;;;hairdresser;;;Саратов
node;4062285935;shop;Инмарт;46.0124253;51.5438475;;;;;;supermarket;;;Саратов
node;4062285950;shop;О’КЕЙ;46.0146488;51.5473453;;;;"ООО ""ОКЕЙ""";О’КЕЙ;supermarket;;;Саратов
node;4062335307;shop;Семейный;45.9692808;51.5860539;;;;;;supermarket;;;Саратов
node;4062335308;shop;Рациональ;45.9684764;51.5864262;;;;;;convenience;;;Саратов
node;4062335311;service;Лилит;45.968631;51.5859708;;;;;;hairdresser;;;Саратов
node;4063917204;shop;Рациональ;46.0247055;51.5666673;;;;;;convenience;;;Саратов
node;4065500737;shop;;46.0184302;51.5286324;;;;;;general;;;Саратов
node;4065500739;service;;45.9986721;51.558217;;;;;;hairdresser;;;Саратов
node;4065500741;shop;Пятёрочка;45.9726828;51.601861;;;;;Пятёрочка;supermarket;;;Саратов
node;4065500745;shop;Продукты;45.9996484;51.602186;;;;;;convenience;;;Саратов
node;4065500883;shop;Свет;45.9958145;51.6024379;;;;;;general;;;Саратов
node;4065500886;service;Селена;45.9978934;51.5588488;;;;;;beauty;;;Саратов
node;4065500889;shop;Актор;45.9960747;51.6023667;;;;;;general;;;Саратов
node;4065622989;service;;45.9757528;51.602843;;;;;;hairdresser;;;Саратов
node;4067083548;shop;;46.0074226;51.6020678;;;;;;convenience;;;Саратов
node;4067083551;service;;46.0270389;51.5373165;;;;;;beauty;;;Саратов
node;4067083552;shop;Фермерский продукты;46.0275425;51.5370331;;;;;;convenience;;;Саратов
node;4067086636;service;Марина;46.0233899;51.5641985;;;;;;hairdresser;;;Саратов
node;4067086910;shop;Магнит;45.9898841;51.6024917;;;;;;supermarket;;;Саратов
node;4067086911;shop;Пятёрочка;45.9895511;51.6025161;;;;;;supermarket;;;Саратов
node;4067087250;bank;Агросоюз;46.0193785;51.531132;;;;;;;;bank;Саратов
node;4080720559;bank;Сбербанк;45.9831389;51.528703;;;;;Сбербанк;;;bank;Саратов
node;4081788529;shop;Продукты;45.9701851;51.6053318;;;;;;convenience;;;Саратов
node;4081788530;bank;Сбербанк;45.9743784;51.6076952;;;;;Сбербанк;;;bank;Саратов
node;4085623685;shop;Магнит;45.9773638;51.6072879;;;;;Магнит;supermarket;;;Саратов
node;4089163472;shop;Гроздь;45.9747249;51.6076837;;;;;Гроздь;supermarket;;;Саратов
node;4089485895;shop;;46.0081613;51.5443019;;;;;;supermarket;;;Саратов
node;4089485989;shop;Ашан;45.97178;51.5759694;;;;;Ашан;supermarket;;;Саратов
node;4093164209;shop;Семейный;43.1426846;51.549191;;;;;;supermarket;;;Балашов
node;4107981029;shop;;46.1867607;51.6161069;;;;;;convenience;;;Энгельс
node;4107998939;shop;;46.1866334;51.6178831;;;;;;convenience;;;Энгельс
node;4108972872;shop;;45.9682419;51.586255;;;;;;convenience;;;Саратов
node;4109742125;bank;РНКО Синергия;46.0242832;51.5244473;;;;;;;;bank;Саратов
node;4109861890;shop;Спутник;46.0176768;51.5263597;;;;;;convenience;;;Саратов
node;4109861893;shop;;46.0202824;51.5259374;;;;;;convenience;;;Саратов
node;4118753568;shop;Продукты;47.8025504;51.9446735;;;;;;convenience;;;Балаково
node;4120766800;shop;Гвоздь;45.9990182;51.5459811;;;;;;convenience;;;Саратов
node;4121813593;shop;Пятёрочка;46.0077229;51.5703983;;;;;Пятёрочка;supermarket;;;Саратов
node;4121895894;shop;Магнит;46.0006813;51.5715741;;улица Тулайкова;6;;;supermarket;;;Саратов
node;4136571890;shop;Спутник;46.0013667;51.5410594;;;;;;supermarket;;;Саратов
node;4136571899;shop;;46.0039252;51.5409491;;;;;;convenience;;;Саратов
node;4153816408;shop;Магазин;45.9165213;51.5986547;;3-й Московский проезд;16;;;convenience;;;Саратов
node;4153885889;shop;Магазин;45.9163814;51.598285;;3-й Московский проезд;;;;convenience;;;Саратов
node;4225653394;bank;Сбербанк;46.0230162;51.5356307;;;;ПАО Сбербанк;;;;bank;Саратов
node;4225653395;shop;Липки;46.0335623;51.5281108;;;;;;convenience;;;Саратов
node;4225663693;bank;;46.0321596;51.5268818;;;;;;;;bank;Саратов
node;4227024401;service;Анна;45.967609;51.5941517;;;;;;hairdresser;;;Саратов
node;4227024429;shop;;45.9684774;51.5901501;;;;;;convenience;;;Саратов
node;4227353983;shop;;45.9785532;51.5349752;;;;;;supermarket;;;Саратов
node;4227654947;atm;;46.0230264;51.5356435;;;;;;;;atm;Саратов
node;4227654953;atm;;45.9759191;51.5770551;;;;"АО ""Экономбанк""";;;;atm;Саратов
node;4227654954;atm;;45.9759389;51.5770645;;;;ПАО Сбербанк;Сбербанк;;;atm;Саратов
node;4227720524;atm;;45.978161;51.5391833;;;;ПАО Сбербанк;Сбербанк;;;atm;Саратов
node;4227737602;service;;45.9865263;51.5378633;;;;;;hairdresser;;;Саратов
node;4227746981;atm;;45.9895503;51.537879;;;;ПАО Сбербанк;Сбербанк;;;atm;Саратов
node;4227830716;atm;;45.9970537;51.5370291;;;;ПАО Сбербанк;Сбербанк;;;atm;Саратов
node;4228907713;shop;Магнит;45.9271847;51.4649394;;;;;;supermarket;;;Саратов
node;4241293678;shop;Перекрёсток;47.8302297;52.0228555;;;;"Торговый  дом ""ПЕРЕКРЕСТОК""";Перекрёсток;supermarket;;;Балаково
node;4243428632;shop;Купец;45.9662237;51.5337852;;;;;;convenience;;;Саратов
node;4246191617;shop;Лента;47.7922928;52.0064773;;;;"ООО ""Лента""";Лента;supermarket;;;Балаково
node;4265701091;shop;;46.1879355;51.6008033;;;;;;supermarket;;;Энгельс
node;4267910892;shop;Магнит;47.7689359;52.0356224;;;;;Магнит;supermarket;;;Балаково
node;4267911690;service;Ваше желание;47.7692748;52.0374922;;;;;;hairdresser;;;Балаково
node;4268314945;shop;Росинка;46.0379136;51.5344154;;;;;;convenience;;;Саратов
node;4271926696;service;Jessica;45.9931044;51.6102176;;;;;;hairdresser;;;Саратов
node;4271926697;service;Будь ярче;45.9940286;51.6100353;;;;;;hairdresser;;;Саратов
node;4271929185;service;Имидж мастер;45.9925179;51.6100872;;;;;;beauty;;;Саратов
node;4271929187;shop;Продукты;45.9925307;51.6092809;;;;;;convenience;;;Саратов
node;4271931518;service;Успех;45.9840331;51.6110771;;;;;;hairdresser;;;Саратов
node;4271932758;shop;;45.9854797;51.6103036;;;;;;convenience;;;Саратов
node;4271933280;shop;Семейный;45.9837036;51.6112629;;;;;;supermarket;;;Саратов
node;4271933282;shop;;45.9867162;51.6115584;;;;;;supermarket;;;Саратов
node;4271933298;shop;Гвоздь;45.9930937;51.6100649;;;;;;supermarket;;;Саратов
node;4271933321;shop;Продукты;45.9951906;51.6100136;;;;;;convenience;;;Саратов
node;4271933633;bank;Сбербанк;45.9957346;51.6099516;;;;;Сбербанк;;;bank;Саратов
node;4271933635;shop;Семейный;45.9963636;51.6099413;;;;;;supermarket;;;Саратов
node;4271933921;shop;Куриный дворик;45.9972955;51.6099061;;;;;;convenience;;;Саратов
node;4271933923;service;Меланж;45.9996882;51.6098928;;;;;;hairdresser;;;Саратов
node;4271933924;bank;Совкомбанк;45.9996923;51.6099294;;;;;Совкомбанк;;;bank;Саратов
node;4271933931;shop;Магнит;46.0013344;51.6098254;;;;;;supermarket;;;Саратов
node;4276275251;shop;Афина;43.8136601;52.2665764;;;;;;convenience;;;Ртищево
node;4276275252;shop;Магнит;43.7891701;52.2585819;;;;;;convenience;;;Ртищево
node;4276275253;shop;Олимп;43.8135772;52.266425;;;;;;convenience;;;Ртищево
node;4276275254;shop;Фортуна;43.7964903;52.2591227;;;;;;convenience;;;Ртищево
node;4276275255;shop;Фортуна;43.8140566;52.266603;;;;;;convenience;;;Ртищево
node;4276275265;shop;;43.8139071;52.2664989;;;;;;convenience;;;Ртищево
node;4276275269;shop;;43.8139822;52.2665512;;;;;;convenience;;;Ртищево
node;4278044158;shop;Продукты;43.7987253;52.2623636;;;;;;convenience;;;Ртищево
node;4278048234;shop;Продукты;45.9605447;51.6001282;;;;;;convenience;;;Саратов
node;4278122329;shop;Гроздь;45.9529094;51.5927832;;;;;Гроздь;convenience;;;Саратов
node;4278184015;service;;45.9571383;51.5919531;;;;;;hairdresser;;;Саратов
node;4278184017;shop;Рациональ;45.9534012;51.5927114;;;;;;convenience;;;Саратов
node;4278402690;shop;Иволга;45.3895828;52.3215325;;;;;;convenience;;;Петровск
node;4280116108;shop;Продукты;45.9602606;51.5914482;;;;;;convenience;;;Саратов
node;4280116121;shop;;45.9590825;51.5908649;;;;;Рубль бум;supermarket;;;Саратов
node;4281070341;shop;;46.0459289;51.5483775;;;;;;supermarket;;;Саратов
node;4281070380;shop;;46.1513539;51.6027559;;;;;;supermarket;;;Саратов
node;4282095707;service;;46.0442892;51.5280306;;;;;;hairdresser;;;Саратов
node;4283830760;shop;Продукты;46.0378952;51.5343933;;;;;;convenience;;;Саратов
node;4286494533;service;Эксклюзив;46.0410147;51.5301456;;;;;;massage;;;Саратов
node;4293352719;shop;Продукты;45.9644218;51.5964725;;;;;;convenience;;;Саратов
node;4294974141;shop;;45.9630774;51.6007097;;;;;;convenience;;;Саратов
node;4312235099;shop;Спутник;45.9324019;51.5879248;;;;;;supermarket;;;Саратов
node;4312235102;shop;;45.9327459;51.5900954;;;;;;convenience;;;Саратов
node;4320741193;shop;Терсянка;47.529339;52.0852448;;;;;;convenience;;;Вольск
node;4336899983;shop;Южный двор;46.0344359;51.5357305;;;;;;convenience;;;Саратов
node;4336899984;shop;Магнит;46.0346232;51.5356985;;;;;;supermarket;;;Саратов
node;4336905205;service;Стиль;46.0359873;51.5356585;;;;;;beauty;;;Саратов
node;4336905207;service;;46.0386045;51.5343903;;;;;;hairdresser;;;Саратов
node;4366154813;service;Одеон;46.0327431;51.5360358;;;;;;beauty;;;Саратов
node;4379624723;shop;Бреевский;43.1453436;51.5403752;;улица Ленина;65;;;convenience;;;Балашов
node;4381798791;shop;непса;48.5794978;50.1441581;;красный боец;;;;supermarket;;;Александров Гай
node;4392388835;shop;Гроздь;43.2058609;51.5397834;;;;;Гроздь;supermarket;;;Балашов
node;4392388837;shop;Магнит;43.205349;51.539891;;;;;Магнит;supermarket;;;Балашов
node;4398776000;shop;Магнит;47.0166833;51.8225052;Подлесное;;;;Магнит;supermarket;;;Подлесное
node;4398827824;shop;престиж;47.0134601;51.8203156;Подлесное;;;;;convenience;;;Подлесное
node;4411004628;service;;43.2089717;51.5405831;;;;;;hairdresser;;;Балашов
node;4425252157;shop;Рациональ;46.0329267;51.5363552;;;;;;supermarket;;;Саратов
node;4436261594;shop;Интерра;43.2077098;51.5466388;;;;;;supermarket;;;Балашов
node;4436420267;shop;Магнолия;46.0355227;51.5305492;;;;;;convenience;;;Саратов
node;4440634566;bank;Почта Банк;46.0372151;51.5332336;;;;"АО ""Почта Банк""";;;;bank;Саратов
node;4445399707;shop;Галантерея;46.0354854;51.5304869;;;;;;convenience;;;Саратов
node;4458124569;shop;Пятёрочка;45.3878098;52.2992214;;;;;;supermarket;;;Петровск
node;4458124648;shop;Программист;45.3896199;52.3059495;;;;;;convenience;;;Петровск
node;4458124649;shop;Восток;45.3884121;52.3043821;;Московская улица;15;;;convenience;;;Петровск
node;4458124650;atm;;45.3888408;52.3034322;;;;ПАО Сбербанк;Сбербанк;;;atm;Петровск
node;4472392637;bank;Агросоюз;46.1168514;51.4996816;;;;;;;;bank;Энгельс
node;4491059290;shop;Гроздь;47.4799118;52.0759583;;Радужная улица;1;;;convenience;;;Вольск
node;4491085206;shop;;47.4805437;52.0758778;;;;;;convenience;;;Вольск
node;4491085207;shop;Глория;47.476834;52.0770813;;;;;;convenience;;;Вольск
node;4491131990;shop;;47.4800458;52.075903;;;;;;convenience;;;Вольск
node;4491155798;shop;;47.7294912;52.0962616;;;;;;convenience;;;Балаково
node;4491177192;shop;;47.5286999;52.0854895;;;;;;convenience;;;Вольск
node;4491182191;shop;Надежда;47.5670078;52.0821331;;;;;;convenience;;;Вольск
node;4491254092;shop;Гроздь;47.3851773;52.0464403;;;;;;convenience;;;Вольск
node;4491293791;shop;;47.3807035;52.0447648;;;;;;convenience;;;Вольск
node;4491295396;shop;Милена;47.3952348;52.0425243;;;;;;convenience;;;Вольск
node;4491845892;service;Мария;47.8427325;52.0238556;;Степная улица;49;;;hairdresser;;;Балаково
node;4493273503;shop;Град;47.3832863;52.0453548;;Комсомольская улица;;;;supermarket;;;Вольск
node;4493282297;shop;Пятёрочка;47.3833879;52.0453202;;Комсомольская улица;;;Пятёрочка;supermarket;;;Вольск
node;4496531341;shop;Кулинарная лавка;47.8190153;52.0250382;;набережная Леонова;51;;;convenience;;;Балаково
node;4496531342;shop;Магнит;47.8196855;52.0251374;;набережная Леонова;48А;;Магнит;supermarket;;;Балаково
node;4497138055;service;Европа;47.7816272;52.0343754;;улица Ленина;58;;;beauty;;;Балаково
node;4497138056;service;Катерина;47.781583;52.0342513;;улица Ленина;58;;;hairdresser;;;Балаково
node;4497524971;shop;Пятёрочка;47.7775246;52.0184573;;улица Титова;19;X5 Group;;supermarket;;;Балаково
node;4497536069;shop;Пятёрочка;47.8381423;52.0242704;;Трнавская улица;42;;Пятёрочка;supermarket;;;Балаково
node;4498524798;shop;Елена;43.807947;52.2473086;;;;;;convenience;;;Ртищево
node;4498525095;shop;Магнит;43.7911297;52.2555292;;;;;Магнит;convenience;;;Ртищево
node;4500593858;shop;Магнит;47.3737054;52.0480285;;улица Ленина;;;;supermarket;;;Вольск
node;4500593859;shop;Гроздь;47.3705168;52.0446898;;;;;;convenience;;;Вольск
node;4500594700;shop;;47.3721421;52.0455726;;;;;;convenience;;;Вольск
node;4500594702;shop;Гроздь;47.3881919;52.0452387;;;;;;convenience;;;Вольск
node;4502367878;shop;Гроздь;47.7801467;52.0115504;;улица Менделеева;3;;;supermarket;;;Балаково
node;4502367884;shop;Гулливер;47.779389;52.0116635;;улица Менделеева;2;;Гулливер;supermarket;;;Балаково
node;4506820615;bank;Траст;47.7816474;52.0321652;;;;;;;;bank;Балаково
node;4506820617;shop;Лада;47.8276195;52.0241247;;;;;;convenience;;;Балаково
node;4506820619;service;Валерия;47.8261194;52.02489;;;;;;hairdresser;;;Балаково
node;4506820620;shop;Гроздь;47.8255468;52.0252503;;;;;;supermarket;;;Балаково
node;4506820621;shop;Магнит;47.8253018;52.0254218;;;;;Магнит;supermarket;;;Балаково
node;4506820630;shop;Пятёрочка;47.8242536;52.0261662;;;;;Пятёрочка;supermarket;;;Балаково
node;4506820633;shop;Лукоморье;47.8262481;52.0247361;;;;;;convenience;;;Балаково
node;4506820635;service;Allure;47.826577;52.0245439;;;;;;beauty;;;Балаково
node;4506820636;service;Академия красоты;47.8266831;52.0244234;;;;;;beauty;;;Балаково
node;4509145090;shop;Магнит;47.8403364;52.0189736;;;;;;supermarket;;;Балаково
node;4509145094;shop;Светофор;47.840139;52.0188535;;;;;;supermarket;;;Балаково
node;4509145095;shop;Клён;47.838609;52.0186347;;;;;;convenience;;;Балаково
node;4509145096;shop;24 часа;47.8364633;52.0179843;;;;;;convenience;;;Балаково
node;4509145099;service;Дом красоты;47.8372949;52.0181241;;;;;;beauty;;;Балаково
node;4509145101;shop;Галина;47.8371523;52.0185859;;;;;;convenience;;;Балаково
node;4509145102;service;Людмила;47.8373803;52.0186552;;;;;;hairdresser;;;Балаково
node;4509217974;atm;;47.8364853;52.0197463;;;;ПАО Сбербанк;Сбербанк;;;atm;Балаково
node;4509254106;service;Парикмахерская;47.8410012;52.0205929;;;;;;hairdresser;;;Балаково
node;4509254107;service;Миледи;47.8408745;52.0206862;;;;;;hairdresser;;;Балаково
node;4509254108;service;Шарм;47.8410065;52.0211374;;;;;;hairdresser;;;Балаково
node;4512212599;shop;Гроздь;47.8301134;52.0217999;;;;;Гроздь;supermarket;;;Балаково
node;4515765300;shop;Продукты;47.8016439;51.997171;;;;;;convenience;;;Балаково
node;4515851604;shop;Гулливер;47.7955511;52.0005274;;;;;Гулливер;supermarket;;;Балаково
node;4515851605;shop;Подсолнух;47.7966926;52.0005593;;;;;;convenience;;;Балаково
node;4515874143;shop;Продукты;47.7961922;52.0005489;;;;;;convenience;;;Балаково
node;4515874145;shop;Магнит;47.7948147;52.0010772;;;;;Магнит;supermarket;;;Балаково
node;4521457887;service;Цирюльня на Ленина;47.7824994;52.0220994;;;;;;hairdresser;;;Балаково
node;4521608164;service;Сальвадор;47.7831942;52.0217121;;;;;;beauty;;;Балаково
node;4522000423;service;7 удовольствий;47.7832057;52.0245492;;;;;;beauty;;;Балаково
node;4522054165;bank;Совкомбанк;47.7831881;52.0253934;;;;;Совкомбанк;;;bank;Балаково
node;4522054169;bank;Почта Банк;47.7830924;52.0256872;;;;"АО ""Почта Банк""";Почта Банк;;;bank;Балаково
node;4522054963;service;;47.7832414;52.0258296;;;;;;beauty;;;Балаково
node;4523366436;shop;Магнит;47.8154334;52.0088235;;;;;;supermarket;;;Балаково
node;4523366438;shop;Продукты;47.8157347;52.0086073;;;;;;convenience;;;Балаково
node;4523366441;shop;Гулливер;47.8159873;52.0084233;;;;;;supermarket;;;Балаково
node;4523366442;shop;Дружба;47.8161752;52.0082868;;;;;;convenience;;;Балаково
node;4523366444;service;Успех;47.8164525;52.0080914;;;;;;hairdresser;;;Балаково
node;4523373516;shop;Гроздь;47.82152;52.0066923;;;;;;supermarket;;;Балаково
node;4525286304;service;Парикмахерская;45.962683;51.5980684;;;;;;hairdresser;;;Саратов
node;4528427730;service;Эксклюзив;47.7832452;52.0268916;;;;;;beauty;;;Балаково
node;4528427732;service;Элегант;47.7832372;52.0271342;;;;;;beauty;;;Балаково
node;4528427737;service;Юлия;47.7832333;52.0279327;;;;;;beauty;;;Балаково
node;4528427740;service;Персона;47.783227;52.0281803;;;;;;hairdresser;;;Балаково
node;4528475035;service;Эстель;47.7814989;52.0315603;;;;;;beauty;;;Балаково
node;4528475041;bank;Хоум;47.7816498;52.0319892;;;;"ООО ""ХКФ Банк""";Хоум Кредит;;;bank;Балаково
node;4528475044;bank;Русский Стандарт;47.7816531;52.0324832;;;;;Русский Стандарт;;;bank;Балаково
node;4528475046;bank;Уральский банк реконструкции и развития;47.7816511;52.0326848;;;;УБРиР;Уральский банк реконструкции и развития;;;bank;Балаково
node;4533765598;shop;Семейный;47.7972117;52.0117321;;;;;;convenience;;;Балаково
node;4533841575;bank;НВК банк;47.782741;52.0344668;;;;;;;;bank;Балаково
node;4539749012;bank;Сбербанк;47.7971431;52.0073841;;;;;Сбербанк;;;bank;Балаково
node;4539749015;shop;Магнит;47.7995006;52.0071377;;;;;;supermarket;;;Балаково
node;4540091851;shop;Продукты;47.8309053;52.0154033;;;;;;convenience;;;Балаково
node;4540091852;service;Ок*сана;47.8315324;52.0163882;;;;;;hairdresser;;;Балаково
node;4543010544;shop;Дежурный;47.7969896;52.0073335;;;;;;convenience;;;Балаково
node;4544804905;shop;Пятёрочка;47.7742513;52.0329949;;;;;Пятёрочка;supermarket;;;Балаково
node;4546821389;shop;Магнит;46.046188;51.5251451;;;;;Магнит;supermarket;;;Саратов
node;4547993795;shop;Минимаг;47.8085633;52.0020517;;;;;;convenience;;;Балаково
node;4547993796;shop;Островок;47.8073789;52.0017368;;;;;;convenience;;;Балаково
node;4547993798;shop;Шевченко;47.8036095;52.0018265;;;;;;convenience;;;Балаково
node;4547993799;shop;Магнит;47.8061989;52.0031976;;;;;Магнит;supermarket;;;Балаково
node;4547993809;service;Чародейка;47.8035938;52.0044359;;;;;;hairdresser;;;Балаково
node;4547993812;service;Кокетка;47.8031333;52.0052524;;;;;;hairdresser;;;Балаково
node;4547993825;shop;Калинка;47.8019257;52.0060879;;;;;;convenience;;;Балаково
node;4548366229;service;Людмила;47.8240423;52.015857;;;;;;hairdresser;;;Балаково
node;4548400691;bank;Сбербанк;47.7829508;52.034394;;;;;Сбербанк;;;bank;Балаково
node;4550690462;bank;Сбербанк;45.9690098;51.5333208;;;;;Сбербанк;;;bank;Саратов
node;4560540391;shop;Пятёрочка;48.578936;50.1437935;;улица Красного бойца;28;;Пятёрочка;supermarket;;;Александров Гай
node;4561851347;service;Лима;47.8205843;52.0141963;;;;;;hairdresser;;;Балаково
node;4565617893;shop;Гулливер;47.7976048;52.0075913;;;;;;supermarket;;;Балаково
node;4565650089;bank;Сбербанк;47.79719;52.0073769;;;;;Сбербанк;;;bank;Балаково
node;4565650090;atm;;47.7972372;52.0074013;;;;;;;;atm;Балаково
node;4569151181;service;Ирина;47.8366648;52.0283047;;;;;;hairdresser;;;Балаково
node;4576865858;service;;47.817996;52.0161252;;;;;;beauty;;;Балаково
node;4580735693;shop;Магнит;45.917602;51.496873;;;;;;supermarket;;;Саратов
node;4580754091;service;Островок перемен;47.7986614;52.0167947;;;;;;hairdresser;;;Балаково
node;4580754092;service;Тет-А-Тет;47.7986574;52.0167427;;;;;;hairdresser;;;Балаково
node;4587445406;shop;Рубль Бум;45.8910026;51.479522;;;;;;supermarket;;;Саратов
node;4588735989;shop;Гроздь;47.7852993;52.0308;;;;;;convenience;;;Балаково
node;4592265190;service;;47.7824127;52.0204447;;;;;;beauty;;;Балаково
node;4594144590;shop;Пятёрочка;47.835933;52.0306362;;Трнавская улица;73/1;;Пятёрочка;supermarket;;;Балаково
node;4606068379;shop;;45.9736148;51.60464;;;;;;convenience;;;Саратов
node;4611667267;shop;Базарно-Карабулакский мясокомбинат;46.0189546;51.5408962;;улица Рахова;171/179;;;supermarket;;;Саратов
node;4627067592;service;;45.970484;51.5849793;;;;;;hairdresser;;;Саратов
node;4632766860;shop;;45.9090718;51.6073818;;;;;;convenience;;;Саратов
node;4642416486;shop;;45.9186542;51.6013002;;;;;;convenience;;;Саратов
node;4663354389;atm;;45.9237077;51.5996677;;;;"АО ""Альфа-Банк""";Альфа-Банк;;;atm;Саратов
node;4663354390;atm;;45.9237174;51.5996835;;;;Банк ГПБ (АО);Газпромбанк;;;atm;Саратов
node;4683461808;shop;Гроздь;45.9773817;51.53204;;;;;;supermarket;;;Саратов
node;4683461809;shop;Семейный;45.9769293;51.5321078;;;;;;supermarket;;;Саратов
node;4690645280;service;Колибри;45.9740172;51.5325416;;;;;;hairdresser;;;Саратов
node;4690645283;service;Грация;45.9741867;51.5325181;;;;;;hairdresser;;;Саратов
node;4694183570;bank;Сбербанк;46.1329809;51.4787019;;;;;Сбербанк;;;bank;Энгельс
node;4694188646;shop;Пятёрочка;46.1328054;51.47854;;;;;Пятёрочка;supermarket;;;Энгельс
node;4711589192;shop;Народный;46.0545041;51.5515859;;;;;;convenience;;;Саратов
node;4713532800;shop;Гроздь;46.0513356;51.5545724;;;;;;convenience;;;Саратов
node;4713532801;service;;46.0500128;51.5532961;;;;;;hairdresser;;;Саратов
node;4718063490;shop;Пятёрочка;47.7909861;52.0335118;;;;;Пятёрочка;supermarket;;;Балаково
node;4728010992;shop;Магнит;45.9234611;51.4756398;;;;;;supermarket;;;Саратов
node;4728020790;shop;Гроздь;45.9238072;51.4758194;;;;;;convenience;;;Саратов
node;4740681622;shop;Пятёрочка;46.1382897;51.4763443;;;;;;supermarket;;;Энгельс
node;4771525728;shop;Милена;47.8301464;52.0217822;;;;;;supermarket;;;Балаково
node;4771525729;shop;Пятёрочка;47.8302911;52.0248783;;;;;;supermarket;;;Балаково
node;4771525826;shop;Сфера;47.8332143;52.0220567;;;;;;supermarket;;;Балаково
node;4782458823;shop;Рынок Кольцо;45.9390802;51.5083196;;;;;;convenience;;;Саратов
node;4801088630;shop;Дворик;45.9715215;51.568205;;;;;;supermarket;;;Саратов
node;4801088631;shop;Красное&Белое;45.9722479;51.5683295;;;;;;supermarket;;;Саратов
node;4801088632;shop;Blonder Beer;46.0011905;51.5354417;;;;;;supermarket;;;Саратов
node;4821335355;shop;Пятёрочка;45.9755594;51.6075546;;;;;Пятёрочка;supermarket;;;Саратов
node;4826340622;shop;Пятёрочка;48.7881396;52.0281966;;;;;;supermarket;;;Пугачёв
node;4844778228;shop;Мир вкуса;46.0052289;51.5402429;;;;;;convenience;;;Саратов
node;4859927922;service;;46.0056636;51.5399685;;;;;;hairdresser;;;Саратов
node;4859927923;shop;Пятёрочка;46.1479678;51.4798875;;;;;;supermarket;;;Энгельс
node;4860146894;shop;Продукты;45.9652211;51.5684643;;;;;;convenience;;;Саратов
node;4867857918;shop;Магнит;45.9537774;51.5825733;;;;;;supermarket;;;Саратов
node;4872914526;service;Сонет;46.0264446;51.541293;;;;;;hairdresser;;;Саратов
node;4891837090;shop;;48.2551624;51.3480613;;;;;;convenience;;;Ершов
node;4891975255;shop;Магнит;46.4098898;52.2796212;;;;"АО ""Тандер""";Магнит;supermarket;;;прочие населённые пункты
node;4904205522;shop;;46.0152932;51.5637004;;;;;;supermarket;;;Саратов
node;4904205523;bank;Сбербанк;46.0165112;51.5656478;;;;;Сбербанк;;;bank;Саратов
node;4916555719;shop;;48.2801887;51.3630333;;;;;;convenience;;;Ершов
node;4918343923;shop;Асет;49.6389997;51.1710822;;;;;;convenience;;;Озинки
node;4924940025;shop;;47.375083;52.0672495;;;;;;convenience;;;Вольск
node;4924963721;service;;47.3746548;52.0659069;;;;;;hairdresser;;;Вольск
node;4930640264;atm;;43.143867;51.5440801;;;;ПАО Сбербанк;Сбербанк;;;atm;Балашов
node;4938502223;shop;Даурия;48.1058384;52.4693348;;;;;;convenience;;;Хвалынск
node;4950700039;shop;Магнит;44.8175556;51.5322661;;;;;;supermarket;;;Калининск
node;4968969831;bank;Сбербанк;46.1330289;51.4786804;;;;;Сбербанк;;;bank;Энгельс
node;4983141922;shop;Магнит;45.9528756;51.5088825;;;;;;supermarket;;;Саратов
node;4983162621;shop;Пятёрочка;45.9503313;51.506358;;;;;;convenience;;;Саратов
node;4983162623;service;;45.9522439;51.5087062;;;;;;hairdresser;;;Саратов
node;4984931846;shop;;45.3976831;50.9202305;;;;;;convenience;;;Красноармейск
node;4994838430;shop;;49.6361676;51.1704399;;;;;;convenience;;;Озинки
node;4997918822;shop;Изюминка;48.0213966;52.3015099;;улица Чапаева;;;;convenience;;;Хвалынск
node;4997976021;shop;Муравейник;48.018881;52.2979177;;;;;;convenience;;;Хвалынск
node;5000135337;shop;;48.0242979;52.3060695;;;;;;convenience;;;Хвалынск
node;5005071580;shop;Магнит;45.9298767;51.4893425;;;;;;supermarket;;;Саратов
node;5104848994;atm;;46.0419677;51.5395725;;;;"АО ""Альфа-Банк""";Альфа-Банк;;;atm;Саратов
node;5109666719;shop;Продукты;45.9329943;51.5964155;;;;;;convenience;;;Саратов
node;5109666722;service;К'Лариса;45.9322031;51.5967187;;;;;;hairdresser;;;Саратов
node;5109666723;service;Joy;45.9319966;51.5967962;;;;;;hairdresser;;;Саратов
node;5109666726;shop;Продукты;45.9314319;51.5970128;;;;;;convenience;;;Саратов
node;5119178077;shop;Вершина;46.038149;51.5359714;;;;;;convenience;;;Саратов
node;5129348120;shop;Продукты;45.9703807;51.5128975;;;;;;convenience;;;Саратов
node;5188994641;shop;Светофор;45.9711367;51.6190174;;;;;;supermarket;;;Саратов
node;5211031299;shop;;45.9708953;51.6154018;;;;;;convenience;;;Саратов
node;5220173333;shop;Продукты из Казахстана;45.9606439;51.5994687;;;;;;convenience;;;Саратов
node;5310756757;shop;Магнит;46.0700539;51.5727238;;;;;Магнит;supermarket;;;Саратов
node;5310758012;shop;;46.0657945;51.5700372;;;;;;convenience;;;Саратов
node;5317238686;shop;Продукты Ермолино;45.9353557;51.5873831;;;;;;convenience;;;Саратов
node;5319465421;shop;Изюминка;46.0559183;51.5544291;;;;;;convenience;;;Саратов
node;5336400022;shop;Толстяк;48.0848315;52.498418;;;;;;convenience;;;Хвалынск
node;5336402921;shop;Пятёрочка;48.1021369;52.4974992;;;;;Пятёрочка;supermarket;;;Хвалынск
node;5336432621;service;;48.1126056;52.4914557;;;;;;hairdresser;;;Хвалынск
node;5338709227;shop;;48.0770855;52.5003557;;;;;;convenience;;;Хвалынск
node;5338722522;shop;;48.0965268;52.5046602;;;;;;convenience;;;Хвалынск
node;5338722721;shop;Магнат;48.0991059;52.4956367;;;;;;convenience;;;Хвалынск
node;5338722723;shop;Слобода;48.0802057;52.4991635;;;;;;convenience;;;Хвалынск
node;5381572887;shop;Хопёр;43.4978919;51.9291082;;;;;;convenience;;;Аркадак
node;5381572957;shop;Пятёрочка;43.5045545;51.9374946;Аркадак;улица Ленина;89;;Пятёрочка;supermarket;;;Аркадак
node;5386286226;shop;Гроздь;47.3609912;52.0267813;;;;;;convenience;;;Вольск
node;5386286227;shop;Пятерочка;47.3516376;52.0264932;;;;;;convenience;;;Вольск
node;5386329322;shop;Магнит;47.3612679;52.0267649;;;;;;supermarket;;;Вольск
node;5412407014;shop;Гулливер;47.7787167;52.036089;Балаково;улица Братьев Захаровых;49;;Гулливер;supermarket;;;Балаково
node;5434516022;shop;Гроздь;47.4429271;50.6767209;;;;;;convenience;;;прочие населённые пункты
node;5434527825;bank;Сбербанк;47.4458425;50.6781311;;;;;Сбербанк;;;bank;прочие населённые пункты
node;5434538925;atm;;47.4457996;50.6781211;;;;ПАО Сбербанк;Сбербанк;;;atm;прочие населённые пункты
node;5434539024;shop;Лакомка;47.4342877;50.6693581;;;;;;convenience;;;прочие населённые пункты
node;5434539025;shop;;47.4353764;50.6753793;;;;;;convenience;;;прочие населённые пункты
node;5465124375;shop;Гулливер;47.7707805;52.0351091;;;;"АО ""Гулливер""";Гулливер;supermarket;;;Балаково
node;5505724673;shop;Магнит;47.7936333;52.034855;;;;;Магнит;convenience;;;Балаково
node;5516400726;shop;Пятёрочка;47.444414;50.6793018;;;;;;convenience;;;прочие населённые пункты
node;5516400926;shop;;47.4305551;50.6642347;;Комсомольская улица;;;;convenience;;;прочие населённые пункты
node;5534439108;shop;Красное&Белое;43.4956495;51.9433456;;;;;;convenience;;;Аркадак
node;5534439113;shop;Рубль Бум;43.4955047;51.9438755;;;;;;convenience;;;Аркадак
node;5534441429;shop;Магнит;43.4947395;51.9441452;;улица Каплунова;64;;;convenience;;;Аркадак
node;5534441506;service;Имидж;43.5100557;51.9358293;;;;;;beauty;;;Аркадак
node;5534441511;shop;Людмила;43.5077423;51.9365545;;;;;;convenience;;;Аркадак
node;5534441512;shop;Гроздь;43.5078013;51.9359476;;;;;;convenience;;;Аркадак
node;5534441731;shop;Красное&Белое;43.5052666;51.9367463;;;;;;convenience;;;Аркадак
node;5536653659;shop;Рубль Бум;43.2791027;51.99301;;;;;;convenience;;;Турки
node;5536653670;shop;Бристоль;43.2806692;51.9931653;;;;;;convenience;;;Турки
node;5536653682;shop;Красное&Белое;43.2813209;51.9927738;;;;;;convenience;;;Турки
node;5536653701;shop;Магнит;43.2785153;51.9919794;;;;;;convenience;;;Турки
node;5536661622;atm;;43.2792237;51.9919205;;;;ПАО Сбербанк;Сбербанк;;;atm;Турки
node;5536661623;shop;Гроздь;43.2792985;51.991844;;;;;;convenience;;;Турки
node;5548248523;shop;;47.4415298;50.6772741;;;;;;convenience;;;прочие населённые пункты
node;5548264424;shop;Меркурий;47.4345027;50.6696608;;;;;;convenience;;;прочие населённые пункты
node;5548264425;shop;;47.4394689;50.6691138;;;;;;convenience;;;прочие населённые пункты
node;5548264426;service;;47.4413275;50.6773759;;;;;;hairdresser;;;прочие населённые пункты
node;5548264428;shop;Подсолнух;47.4446306;50.6782914;;;;;;convenience;;;прочие населённые пункты
node;5548268621;service;;47.4415636;50.6777181;;;;;;hairdresser;;;прочие населённые пункты
node;5548269223;shop;Магнит;47.4460542;50.6777076;;;;;;supermarket;;;прочие населённые пункты
node;5548269722;shop;;47.4449814;50.6649291;;улица Карла Маркса;;;;convenience;;;прочие населённые пункты
node;5548269723;shop;;47.4448206;50.6793613;;;;;;convenience;;;прочие населённые пункты
node;5548281786;shop;;47.4431282;50.6810779;;Юбилейная улица;;;;convenience;;;прочие населённые пункты
node;5554795894;shop;Пятёрочка;45.9628969;51.5785664;;;;;Пятёрочка;supermarket;;;Саратов
node;5582200421;shop;;47.4340547;50.6681108;;Молодёжная улица;;;;convenience;;;прочие населённые пункты
node;5590599709;shop;Идеал;47.1731428;51.899195;;;;;;convenience;;;Воскресенское
node;5618395808;shop;Бриз;45.8924809;50.8238799;;;;;;convenience;;;Ровное
node;5618396058;bank;Сбербанк;45.6428343;50.7311942;;;;;Сбербанк;;;bank;Ровное
node;5618396061;shop;;45.6427109;50.7311806;;;;;;convenience;;;Ровное
node;5618396233;shop;;45.6250352;50.6489571;;;;;;convenience;;;прочие населённые пункты
node;5619507157;shop;;45.7433101;51.7578296;;;;;;convenience;;;Татищево
node;5625271422;service;BlackBurn;46.0199261;51.5198646;;Вольская улица;5;;;hairdresser;;;Саратов
node;5628383980;shop;;45.5330193;51.0759046;;;;;;convenience;;;Красноармейск
node;5628383988;shop;Магнит;45.6998178;51.0237687;;;;;;supermarket;;;Красноармейск
node;5628384122;shop;;45.862239;51.0401054;;;;;;convenience;;;Красноармейск
node;5632930421;shop;Магнит Семейный;46.0085465;51.5240042;;;;;;supermarket;;;Саратов
node;5632930422;shop;Пятёрочка;46.0068882;51.5270041;;;;;;convenience;;;Саратов
node;5641142522;atm;;46.0347721;51.5251806;;;;"ПАО КБ ""УБРиР""";;;;atm;Саратов
node;5641297022;shop;Магнит;47.7726932;52.0291214;;;;;Магнит;supermarket;;;Балаково
node;5642404622;shop;У-Дач-Ка);46.0341776;51.3692814;;;;;;convenience;;;Энгельс
node;5659366494;service;Медея;45.9684334;51.5147591;;Огородная улица;31;;;hairdresser;;;Саратов
node;5668591141;service;Лори style;46.0078835;51.5172094;;;;;;hairdresser;;;Саратов
node;5695556425;shop;;47.0828198;52.1593916;;;;;;convenience;;;Шиханы
node;5695556440;shop;;46.7996496;52.0842367;;;;;;convenience;;;Шиханы
node;5768171868;shop;Светофор;46.12837;51.4984017;;;;;Светофор;supermarket;;;Энгельс
node;5776384053;service;Relax;46.0040012;51.5265416;;;;;;beauty;;;Саратов
node;5810161561;service;ЧопЧоп;46.0254711;51.5312476;;;;;;beauty;;;Саратов
node;5810161562;service;Uppercut;46.0256687;51.5320376;;;;;;hairdresser;;;Саратов
node;5810386356;service;Chop-Chop;46.0436993;51.5321317;;;;;;hairdresser;;;Саратов
node;5810711865;bank;Сбербанк;47.3826437;52.0414395;;;;;Сбербанк;;;bank;Вольск
node;5810711866;bank;;47.3923665;52.0409087;;;;;;;;bank;Вольск
node;5822520282;shop;Тополёк;45.6069989;51.6777513;;;;;;supermarket;;;Татищево
node;5822520283;shop;Магнит;45.6061362;51.6783479;;;;;;supermarket;;;Татищево
node;5822520284;shop;Пятёрочка;45.5991354;51.6796017;;;;;;supermarket;;;Татищево
node;5822832147;atm;;45.5826208;51.6724217;;;;ПАО Сбербанк;Сбербанк;;;atm;Татищево
node;5830249165;shop;Магнит;46.9653736;52.1625141;;;;;;supermarket;;;Шиханы
node;5841633804;service;UpperCut Barber Girls;46.0260728;51.5314175;;;;;;hairdresser;;;Саратов
node;5851374885;shop;;48.1047357;52.4811612;;;;;;supermarket;;;Хвалынск
node;5877975190;shop;;47.7877432;52.0279721;;;;;;convenience;;;Балаково
node;5919806355;shop;Пятёрочка;50.3527216;51.8587844;;;;;Пятёрочка;supermarket;;;прочие населённые пункты
node;5964039485;service;Uppercut Flagship;46.0271096;51.5324288;;;;;;hairdresser;;;Саратов
node;5966261798;shop;Пятёрочка;45.004643;51.876696;;;;;;supermarket;;;Аткарск
node;5966261799;shop;;44.9923043;51.8760747;;;;;;convenience;;;Аткарск
node;5995901118;shop;Пятёрочка;46.349027;51.5988221;;;;;Пятёрочка;supermarket;;;Энгельс
node;5995901119;shop;Семейный;46.3368703;51.5926735;;;;;;supermarket;;;Энгельс
node;6110802185;shop;Светофор;45.3961908;52.3077487;;;;;;convenience;;;Петровск
node;6110802187;atm;;45.3964872;52.3067358;;;;Банк ГПБ (АО);Газпромбанк;;;atm;Петровск
node;6110802188;atm;;45.3964747;52.3066694;;;;ПАО Сбербанк;Сбербанк;;;atm;Петровск
node;6110958987;shop;Магнит;45.3946653;52.2923846;;;;;;supermarket;;;Петровск
node;6110958997;shop;Скидкино;45.3937823;52.2899168;;;;;;convenience;;;Петровск
node;6123542981;shop;Семейный;45.9739703;51.5321697;;;;;;convenience;;;Саратов
node;6128635691;shop;;43.2195475;51.5533392;;;;;;convenience;;;Балашов
node;6128635745;shop;Магнит;43.2094987;51.556575;;;;;Магнит;convenience;;;Балашов
node;6128727289;shop;Магнит;43.2211712;51.5502317;;;;;Магнит;supermarket;;;Балашов
node;6133020955;bank;Хоум;43.1470652;51.5532125;;улица Карла Маркса;33;"ООО ""ХКФ Банк""";;;;bank;Балашов
node;6133023707;bank;Россельхозбанк;43.1465629;51.5519187;;;;"АО ""Россельхозбанк""";Россельхозбанк;;;bank;Балашов
node;6133464344;atm;;43.1559538;51.5485945;;;;ПАО Сбербанк;Сбербанк;;;atm;Балашов
node;6133464345;shop;Магнит;43.1563967;51.5491865;;;;;Магнит;supermarket;;;Балашов
node;6133464346;atm;;43.1594661;51.5484204;;;;ПАО Сбербанк;Сбербанк;;;atm;Балашов
node;6133534329;shop;Светофор;43.1601106;51.550078;;;;;;convenience;;;Балашов
node;6133534334;shop;Ё-моё;43.1586562;51.5499723;;;;;;convenience;;;Балашов
node;6143191485;shop;Пятёрочка;46.1400863;51.4794008;;;;;;supermarket;;;Энгельс
node;6160025754;shop;Народный;43.1329572;51.5477111;;;;;;supermarket;;;Балашов
node;6193221285;shop;;46.0201257;51.5971424;;улица 1-я Гуселка;7А;Голикова Т В;;supermarket;;;Саратов
node;6202022947;service;Клеопатра;47.8350667;52.0212673;;;;;;beauty;;;Балаково
node;6205733351;shop;Сказка;47.0163582;51.8224146;;;;;;convenience;;;Воскресенское
node;6207820087;shop;;45.6127852;51.6697701;;;;;;convenience;;;Татищево
node;6217274210;bank;Сбербанк;43.7846845;52.259368;Ртищево;Советская улица;;ПАО Сбербанк;Сбербанк;;;bank;Ртищево
node;6229379966;service;Бонжур;45.9601448;51.5775743;;;;;;hairdresser;;;Саратов
node;6229379967;service;Nioli;45.9647317;51.5787502;;;;;;hairdresser;;;Саратов
node;6229379968;shop;Спутник;45.9654787;51.5790872;;;;;;convenience;;;Саратов
node;6229570605;bank;Авангард;46.0317954;51.525173;;;;;Авангард;;;bank;Саратов
node;6229570609;shop;Пятёрочка;46.0314361;51.5238375;;;;;Пятёрочка;supermarket;;;Саратов
node;6229570610;bank;Интеза;46.0310692;51.5241133;;;;;;;;bank;Саратов
node;6229570620;service;Эталон;46.0405843;51.528661;;;;;;hairdresser;;;Саратов
node;6235786549;shop;Перекресток;46.022183;51.536341;;;;"Торговый дом ""ПЕРЕКРЕСТОК""";Перекресток;supermarket;;;Саратов
node;6235786550;shop;Пятёрочка;46.0279059;51.5624734;;;;;Пятёрочка;supermarket;;;Саратов
node;6265767302;shop;Перекрёсток;46.1179709;51.5028871;;;;"Торговый дом ""ПЕРЕКРЕСТОК""";Перекрёсток;supermarket;;;Энгельс
node;6268484346;service;;45.9065075;51.6081064;;;;;;hairdresser;;;Саратов
node;6268484355;service;Студия маникюра;45.9064129;51.6076762;;;;;;beauty;;;Саратов
node;6386683573;service;Карина;48.7803429;52.0242076;;;;;;hairdresser;;;Пугачёв
node;6386683574;shop;;48.7738272;52.0125981;;;;;;convenience;;;Пугачёв
node;6386683575;shop;;48.7792587;52.0161457;;;;;;convenience;;;Пугачёв
node;6386683576;shop;Океан;48.7808854;52.0281161;;;;;;convenience;;;Пугачёв
node;6386683577;shop;БАМ;48.7802544;52.0246788;;;;;;convenience;;;Пугачёв
node;6386683578;shop;Балаковский;48.7737367;52.0160095;;;;;;convenience;;;Пугачёв
node;6386683850;shop;Центральный 7;48.7779611;52.0103682;;;;;;convenience;;;Пугачёв
node;6386683996;shop;Пятёрочка;48.7737923;52.0163031;;;;;Пятёрочка;supermarket;;;Пугачёв
node;6419082708;shop;;48.772649;52.0128272;;;;;;convenience;;;Пугачёв
node;6419082715;shop;Провинциальный;48.7772155;52.0095819;;;;;;convenience;;;Пугачёв
node;6425104009;shop;Пятёрочка;46.0690721;51.5819857;;;;;Пятёрочка;supermarket;;;Саратов
node;6425104015;shop;Пятёрочка;46.0717076;51.5811743;;;;;Пятёрочка;supermarket;;;Саратов
node;6434396072;service;Идеал;48.8071301;52.0108593;;;;;;hairdresser;;;Пугачёв
node;6442549588;atm;;47.7829803;52.0208741;;;;ПАО Сбербанк;Сбербанк;;;atm;Балаково
node;6445243558;bank;Абсолют;46.009858;51.534722;;;;АКБ «Абсолют Банк»;;;;bank;Саратов
node;6455315541;service;Эгоистка;48.7832572;52.0285736;;;;;;beauty;;;Пугачёв
node;6455315543;service;Сударушка;48.7841162;52.0285798;;;;;;hairdresser;;;Пугачёв
node;6455315552;shop;Магнит;48.7842442;52.0282516;;;;"АО ""Тандер""";Магнит;supermarket;;;Пугачёв
node;6455315558;atm;;48.7846304;52.0282678;;;;ПАО Сбербанк;Сбербанк;;;atm;Пугачёв
node;6455316022;shop;Виктория;48.7821789;52.0308914;;;;;;convenience;;;Пугачёв
node;6455316023;shop;Впрок;48.7802142;52.0304873;;;;;;convenience;;;Пугачёв
node;6457947083;shop;Перекрёсток;46.0178607;51.5314371;;;;"Торговый дом ""ПЕРЕКРЕСТОК""";Перекрёсток;supermarket;;;Саратов
node;6518183288;service;;48.797792;52.0145143;;;;;;hairdresser;;;Пугачёв
node;6518183458;shop;Водолей;48.8039866;52.0029201;;;;;;convenience;;;Пугачёв
node;6518183488;shop;Удобный;48.8018221;52.0050642;;;;;;convenience;;;Пугачёв
node;6518183540;shop;Центральный;48.7950428;52.0147719;;;;;;convenience;;;Пугачёв
node;6524823485;shop;kittykid.ru;45.925413;51.6062906;;Автокомбинатовская улица;14/7;;;convenience;;;Саратов
node;6538068210;service;Персона;48.7950079;52.0162699;;;;;;beauty;;;Пугачёв
node;6577100334;shop;;45.6521872;50.7319038;;;;;;convenience;;;Ровное
node;6577648748;shop;;45.8558071;51.5878097;;;;Гроздь;;convenience;;;Саратов
node;6578447905;shop;Гроздь;45.9236066;51.5997203;;;;;Гроздь;convenience;;;Саратов
node;6581162759;shop;;44.9237998;51.6752647;;;;;;convenience;;;Аткарск
node;6592782086;shop;Магнит;45.9958037;51.544274;;;;;;supermarket;;;Саратов
node;6594361543;shop;;49.7153516;51.2029764;;;;;;convenience;;;Озинки
node;6598169385;shop;Гроздь;47.8099018;52.0063358;;;;;;convenience;;;Балаково
node;6601088433;service;Весёлая расчёска;48.8005266;52.0160396;;;;;;hairdresser;;;Пугачёв
node;6601088434;shop;Семейный;48.8004997;52.0161181;;;;;;convenience;;;Пугачёв
node;6601088673;shop;Ивушка;48.8216731;51.9939904;;;;;;convenience;;;Пугачёв
node;6612640763;service;Гармония;45.9340498;51.5865115;;;;;;beauty;;;Саратов
node;6612775425;service;Комплимент;45.9672661;51.5808011;;;;;;hairdresser;;;Саратов
node;6614500022;bank;Совкомбанк;45.9647235;51.5806982;;;;;Совкомбанк;;;bank;Саратов
node;6635065600;shop;Магнит;45.898996;51.5782463;;;;;;supermarket;;;Саратов
node;6649013367;shop;Продукты;45.9219727;51.4894703;;;;;;convenience;;;Саратов
node;6655180014;shop;Пятёрочка;45.9216164;51.4898477;;;;;;convenience;;;Саратов
node;6666745313;shop;Магнит;45.9596662;51.5812524;;;;;;supermarket;;;Саратов
node;6666745314;shop;Гроздь;45.9597038;51.5814391;;;;;;convenience;;;Саратов
node;6677639767;service;Золушка;45.9407399;51.4986312;;;;;;hairdresser;;;Саратов
node;6685011372;shop;Круглосуточный;47.7777977;52.031601;Балаково;улица Факел Социализма;6А;;;convenience;;;Балаково
node;6777031295;atm;;46.1289606;51.4841792;;;;"ПАО ""Промсвязьбанк""";Промсвязьбанк;;;atm;Энгельс
node;6777031353;atm;;46.065778;51.569405;;;;"ПАО ""Промсвязьбанк""";Промсвязьбанк;;;atm;Саратов
node;6777041981;atm;;46.122678;51.491203;;;;"ПАО ""Промсвязьбанк""";Промсвязьбанк;;;atm;Энгельс
node;6777051385;atm;;46.1226869;51.4911219;;;;"ПАО ""Промсвязьбанк""";Промсвязьбанк;;;atm;Энгельс
node;6777059964;atm;;46.098274;51.486065;;;;"ПАО ""Промсвязьбанк""";Промсвязьбанк;;;atm;Энгельс
node;6777061127;atm;;46.0396698;51.4078279;;;;"ПАО ""Промсвязьбанк""";Промсвязьбанк;;;atm;Энгельс
node;6777061162;atm;;45.99187;51.562665;;;;"ПАО ""Промсвязьбанк""";Промсвязьбанк;;;atm;Саратов
node;6777070191;atm;;46.0142936;51.5469372;;;;"ПАО ""Промсвязьбанк""";Промсвязьбанк;;;atm;Саратов
node;6777070201;atm;;46.0177937;51.5315223;;;;"ПАО ""Промсвязьбанк""";Промсвязьбанк;;;atm;Саратов
node;6777070266;atm;;45.9702512;51.5414787;;;;"ПАО ""Промсвязьбанк""";Промсвязьбанк;;;atm;Саратов
node;6777070271;atm;;46.0026687;51.5292164;;;;"ПАО ""Промсвязьбанк""";Промсвязьбанк;;;atm;Саратов
node;6777070286;atm;;46.1655539;51.4781573;;;;"ПАО ""Промсвязьбанк""";Промсвязьбанк;;;atm;Энгельс
node;6777082528;atm;;45.9896144;51.5661252;;;;"ПАО ""Промсвязьбанк""";Промсвязьбанк;;;atm;Саратов
node;6777082549;atm;;45.972815;51.576372;;;;"ПАО ""Промсвязьбанк""";Промсвязьбанк;;;atm;Саратов
node;6830579480;shop;Сластёна;48.7840625;52.0286768;;;;;;convenience;;;Пугачёв
node;6830579489;shop;Провинциальный;48.7857067;52.028475;;;;;;convenience;;;Пугачёв
node;6966423030;bank;Уральский банк реконструкции и развития;46.033948;51.525005;;;;УБРиР;;;;bank;Саратов
node;6966423031;bank;Уральский банк реконструкции и развития;45.996863;51.608963;;;;УБРиР;;;;bank;Саратов
node;6966423032;bank;Уральский банк реконструкции и развития;45.9998142;51.5340936;;;;УБРиР;;;;bank;Саратов
node;7058542771;bank;Альфа-Банк;46.1276073;51.4844098;;;;"АО ""Альфа-Банк""";Альфа-Банк;;;bank;Энгельс
node;7058542772;bank;Альфа-Банк;45.9679207;51.5976966;;;;"АО ""Альфа-Банк""";Альфа-Банк;;;bank;Саратов
node;7084897351;shop;;48.7692654;51.9903756;;;;;;convenience;;;Пугачёв
node;7119158705;shop;Белая долина;47.7802451;52.0276891;;;;;;convenience;;;Балаково
node;7197074698;shop;Магнит у Дома;46.1191708;51.4929213;;;;;;supermarket;;;Энгельс
node;7197074699;shop;Пятёрочка;46.1184699;51.4922068;;;;;Пятёрочка;supermarket;;;Энгельс
node;7197484229;atm;;46.1683001;51.5012233;;;;"АО ""Почта Банк""";Почта банк;;;atm;Энгельс
node;7207753585;shop;;45.6248933;51.8136645;;Административная, д1;1;;;convenience;;;Татищево
node;7505855859;atm;;46.03158;51.53436;;;;"ПАО ""АК БАРС"" БАНК";Ак Барс Банк;;;atm;Саратов
node;7505858390;atm;;46.0198992;51.5300958;;;;"ПАО ""АК БАРС"" БАНК";;;;atm;Саратов
node;7569575836;shop;Лента;46.0033252;51.5987301;;;;"ООО ""Лента""";Лента;supermarket;;;Саратов
node;7569588540;shop;Лента;46.141934;51.462585;;;;"ООО ""Лента""";Лента;supermarket;;;Энгельс
node;7569595165;shop;Гипер Лента;46.092292;51.497016;;;;"ООО ""Лента""";;supermarket;;;Энгельс
node;7597818313;shop;Еда-вода;46.1490908;51.4288222;Пробуждение;Придорожная улица;10/16;ИП Казанин В.В.;;supermarket;;;Пробуждение
node;7599635032;shop;Пятёрочка;45.9835791;51.5093713;;;;;Пятёрочка;supermarket;;;Саратов
node;7709440538;shop;Магнит;46.0612267;51.5328805;;;;;;supermarket;;;Саратов
node;7709460990;shop;Вкусы Поволжья;46.0593157;51.532395;;;;;;convenience;;;Саратов
node;7710061592;bank;Ак Барс Банк;43.699158;51.18686;;;;;Ак Барс Банк;;;bank;прочие населённые пункты
node;7815964685;shop;;46.1822857;52.5175645;;;;;;convenience;;;прочие населённые пункты
node;7831800157;bank;Инвестторгбанк;46.050058;51.528043;;;;ИНВЕСТТОРГБАНК АО;;;;bank;Саратов
node;7942487091;service;Yves Rocher France SPA;45.972505;51.5766;;;;СОБЛАЗН;;beauty;;;Саратов
node;8006846062;bank;Ак Барс Банк;46.0197946;51.5300406;;;;;Ак Барс Банк;;;bank;Саратов
node;8047878276;shop;Магнит;48.8149528;52.0080568;;;;АО «Тандер»;Магнит;supermarket;;;Пугачёв
node;8047893956;service;Настасья;48.812974;52.0086422;;;;;;beauty;;;Пугачёв
node;8047893997;service;Венеция;48.8120319;52.00864;;;;;;hairdresser;;;Пугачёв
node;8047894053;service;Дива;48.8134541;52.0094568;;;;;;hairdresser;;;Пугачёв
node;8047894070;atm;;48.813654;52.0097978;;;;Банк ВТБ (ПАО);ВТБ;;;atm;Пугачёв
node;8047894071;bank;ВТБ;48.8135628;52.0098621;;;;Банк ВТБ (публичное акционерное общество);ВТБ;;;bank;Пугачёв
node;8237717723;bank;ЮниКредит Банк;46.0066733;51.5485201;;;;ЮниКредит Банк;ЮниКредит Банк;;;bank;Саратов
node;8370658608;bank;Ак Барс Банк;46.0311538;51.5345256;;;;;Ак Барс Банк;;;bank;Саратов
node;8370767446;bank;;46.0313872;51.534519;;;;Ак Барс Банк;;;;bank;Саратов
node;8520929875;shop;Пятёрочка;46.1566088;51.4795605;;;;;;supermarket;;;Энгельс
node;8606906297;shop;Магнит;43.7838204;52.2603742;;;;;Магнит;supermarket;;;Ртищево
node;8635040515;shop;Дубки;48.5810156;50.1441758;Александров Гай;улица Красного бойца;;;;supermarket;;;Александров Гай
node;8635114057;shop;;48.5813245;50.1441071;Александров Гай;улица Красного бойца;;;;supermarket;;;Александров Гай
node;8730349880;shop;Рубль бум;44.4824062;51.4965988;Калининск;Советская улица;19;;;supermarket;;;Калининск
node;8752578546;shop;Победа;43.156324;51.548634;;;;;;convenience;;;Балашов
node;8752578557;shop;Победа;46.1271099;51.5018621;;;;;;convenience;;;Энгельс
node;8752578558;shop;Победа;46.0943;51.4649736;;;;;;convenience;;;Энгельс
node;8752578568;shop;Победа;47.8028909;52.0049078;;;;;;convenience;;;Балаково
node;8752578569;shop;Победа;47.8230545;52.0279803;;;;;;supermarket;;;Балаково
node;8752578570;shop;Победа;48.262414;51.360815;;;;;;convenience;;;Ершов
node;8752578573;shop;Победа;46.007593;51.549718;;;;;;convenience;;;Саратов
node;8752578575;shop;Победа;45.9774452;51.5811999;;;;;;convenience;;;Саратов
node;8752578578;shop;Победа;47.3852965;52.0469548;;;;;;convenience;;;Вольск
node;8752578588;shop;Победа;46.144086;51.448441;;;;;;convenience;;;Энгельс
node;8752578601;shop;Продсклад Победа;45.966235;51.586676;;;;;;convenience;;;Саратов
node;8752586618;shop;Победа;46.7461374;51.7093511;;;;;;convenience;;;Маркс
node;8752586634;shop;Победа;47.817103;52.002535;;;;;;convenience;;;Балаково
node;8752586658;shop;Победа;46.7539072;51.7018312;;;;;;convenience;;;Маркс
node;8752586682;shop;Победа;46.114152;51.487329;;;;;;convenience;;;Энгельс
node;8752586692;shop;Победа;48.8170758;52.0135511;;;;;;convenience;;;Пугачёв
node;8766022495;shop;Гроздь;46.0291435;51.5628904;;;;;Гроздь;supermarket;;;Саратов
node;8768506489;service;Эврика;45.9661324;51.5794166;;;;;;hairdresser;;;Саратов
node;8790026987;service;;43.7790993;52.2568623;;;;;;hairdresser;;;Ртищево
node;8791237817;service;;46.0116543;51.5338874;;;;;;beauty;;;Саратов
node;8791338027;service;Парикмахерская;43.7839019;52.2575517;;;;;;hairdresser;;;Ртищево
node;8791343266;shop;Магнит;43.7843943;52.2579024;;;;;;convenience;;;Ртищево
node;8808588281;shop;Белая долина;45.9239502;51.599356;;;;;;convenience;;;Саратов
node;8850669317;shop;Шпинат;46.0725581;51.575569;;;;;;supermarket;;;Саратов
node;8866433988;bank;ВТБ;43.7866658;52.2569685;;;;Банк ВТБ (публичное акционерное общество);ВТБ;;;bank;Ртищево
node;8900987864;shop;Магнит;43.7652168;52.249649;;улица Крылова;5;;;convenience;;;Ртищево
node;8918994206;shop;Сказка;43.4958512;51.9404149;;;;;;convenience;;;Аркадак
node;8919136326;shop;Магнит;43.5011063;51.9380112;;улица Ленина;;;Магнит;convenience;;;Аркадак
node;8938835849;atm;;46.0118366;51.5165913;;;;"АО ""Банк ""Агророс""";;;;atm;Саратов
node;8938835853;atm;;45.931317;51.496748;;;;"АО ""Банк ""Агророс""";;;;atm;Саратов
node;8938835854;atm;;46.038997;51.529505;;Волжская улица;28;"АО ""Банк ""Агророс""";Агророс банк;;;atm;Саратов
node;8938835864;bank;Банк Агророс;46.122741;51.491551;;;;;;;;bank;Энгельс
node;8938835866;bank;Банк Агророс;47.8303528;52.0208322;;;;;;;;bank;Балаково
node;8938835867;bank;Банк Агророс;47.7740103;52.0318467;;;;;;;;bank;Балаково
node;8938835868;bank;Банк Агророс;45.9641817;51.5840383;;;;;;;;bank;Саратов
node;8938835870;bank;Банк Агророс;45.9312683;51.4966343;;;;;;;;bank;Саратов
node;8938835871;bank;Банк Агророс;45.9684277;51.6049181;;;;;;;;bank;Саратов
node;8938835872;bank;Банк Агророс;46.038996;51.529502;;Волжская улица;28;;;;;bank;Саратов
node;8938835873;bank;Банк Агророс;46.011799;51.5166882;;;;;;;;bank;Саратов
node;8938906239;bank;Ренессанс Кредит;46.006944;51.548794;;;;;Ренессанс Кредит;;;bank;Саратов
node;8974248399;bank;Россельхозбанк;43.7846336;52.2571678;;Красная улица;6;"АО ""Россельхозбанк""";Россельхозбанк;;;bank;Ртищево
node;9000431481;shop;Пятёрочка;45.9903246;51.5614495;Саратов;Наумовская улица;28;"ЗАО ""Агроторг""";Пятёрочка;supermarket;;;Саратов
node;9033268818;shop;;46.2897603;51.5313913;;;;;;convenience;;;Энгельс
node;9078451153;service;Миссис Лазер;46.0240642;51.5292545;Саратов;улица Пушкина;17/25;;;beauty;;;Саратов
node;9104038663;shop;Пятёрочка;46.2315178;51.5138626;;;;;Пятёрочка;supermarket;;;Энгельс
node;9221096721;atm;;45.9345233;51.4609064;;;;"Банк ""ВБРР"" (АО)";ВБРР;;;atm;Саратов
node;9221096771;atm;;46.0410385;51.5303463;;;;"Банк ""ВБРР"" (АО)";ВБРР;;;atm;Саратов
node;9221096813;atm;;45.966919;51.501992;;;;"Банк ""ВБРР"" (АО)";ВБРР;;;atm;Саратов
node;9221096844;atm;;46.0313858;51.5270759;;;;"Банк ""ВБРР"" (АО)";ВБРР;;;atm;Саратов
node;9221097401;atm;;45.988469;51.508635;;;;"Банк ""ВБРР"" (АО)";ВБРР;;;atm;Саратов
node;9310166668;shop;Смак;46.0275704;51.5610511;;;;;;convenience;;;Саратов
node;9310166674;shop;Мария-96;46.0293856;51.5601807;;улица Аэропорт;2А;;;convenience;;;Саратов
node;9310614875;shop;Магнит;46.1897331;51.8162368;;;;;Магнит;convenience;;;прочие населённые пункты
node;9451486856;shop;Чайка Chayka;46.7608357;51.7076688;;;;;;supermarket;;;Маркс
node;9620312684;shop;Магнит;43.7592888;52.2493744;;улица Зои Космодемьянской;;;Магнит;convenience;;;Ртищево
node;9645282900;shop;Победа;43.8026646;52.2629029;;;;;;convenience;;;Ртищево
node;9645282910;shop;Победа;43.1460974;51.5367179;;;;;;convenience;;;Балашов
node;9645299171;shop;Победа;45.9898049;51.5660517;;;;;;convenience;;;Саратов
node;9648066751;bank;Совкомбанк;46.972234;50.951273;;;;;Совкомбанк;;;bank;Красный Кут
node;9648066805;bank;Совкомбанк;46.0219538;51.5269402;;;;;Совкомбанк;;;bank;Саратов
node;9648066809;bank;Совкомбанк;45.9827265;51.5302575;;;;;Совкомбанк;;;bank;Саратов
node;9648066927;bank;Совкомбанк;46.0143203;51.5340151;;;;;Совкомбанк;;;bank;Саратов
node;9648067061;bank;Совкомбанк;47.8274426;52.0238874;;;;;Совкомбанк;;;bank;Балаково
node;9648067169;bank;Совкомбанк;46.0404369;51.4074665;;;;;Совкомбанк;;;bank;Энгельс
node;9648067236;bank;Совкомбанк;44.4820976;51.4970853;;;;;Совкомбанк;;;bank;Калининск
node;9648067237;bank;Совкомбанк;45.9458756;51.5036689;;;;;Совкомбанк;;;bank;Саратов
node;9648067239;bank;Совкомбанк;45.389623;52.303601;;;;;Совкомбанк;;;bank;Петровск
node;9648067240;bank;Совкомбанк;45.9325182;51.5878814;;;;;Совкомбанк;;;bank;Саратов
node;9648067241;bank;Совкомбанк;45.9691224;51.5994953;;;;;Совкомбанк;;;bank;Саратов
node;9648067244;bank;Совкомбанк;44.9987394;51.8711256;;;;;Совкомбанк;;;bank;Аткарск
node;9648067245;bank;Совкомбанк;46.1283785;51.4792915;;;;;Совкомбанк;;;bank;Энгельс
node;9648067246;bank;Совкомбанк;46.119267;51.4957594;;;;;Совкомбанк;;;bank;Энгельс
node;9648067247;bank;Совкомбанк;43.2147539;51.5469022;;;;;Совкомбанк;;;bank;Балашов
node;9648067248;bank;Совкомбанк;48.2690763;51.3500883;;;;;Совкомбанк;;;bank;Ершов
node;9648067249;bank;Совкомбанк;46.756971;51.704414;;;;;Совкомбанк;;;bank;Маркс
node;9648067250;bank;Совкомбанк;46.0719502;51.5738673;;;;;Совкомбанк;;;bank;Саратов
node;9648067251;bank;Совкомбанк;46.0459989;51.5269059;;;;;Совкомбанк;;;bank;Саратов
node;9648067258;bank;Совкомбанк;46.0146394;51.5432324;;;;;Совкомбанк;;;bank;Саратов
node;9648067263;bank;Совкомбанк;46.1353979;51.4792464;;;;;Совкомбанк;;;bank;Энгельс
node;9648067269;bank;Совкомбанк;43.1479293;51.5468488;;;;;Совкомбанк;;;bank;Балашов
node;9648067440;bank;Совкомбанк;47.7915652;52.0109257;;;;;Совкомбанк;;;bank;Балаково
node;9648067441;bank;Совкомбанк;48.8102657;52.0121297;;;;;Совкомбанк;;;bank;Пугачёв
node;9648067442;bank;Совкомбанк;47.7832827;52.0305877;;;;;Совкомбанк;;;bank;Балаково
node;9648067444;bank;Совкомбанк;48.1115717;52.4941215;;;;;Совкомбанк;;;bank;Хвалынск
node;9648067446;bank;Совкомбанк;47.390401;52.040412;;;;;Совкомбанк;;;bank;Вольск
node;9648067468;bank;Совкомбанк;46.0210982;51.5640943;;;;;Совкомбанк;;;bank;Саратов
node;9648067469;bank;Совкомбанк;48.136763;50.4626061;;;;;Совкомбанк;;;bank;Новоузенск
node;9648067470;bank;Совкомбанк;45.6947404;51.0273284;;;;;Совкомбанк;;;bank;Красноармейск
node;9648137795;service;Братишка;46.0119331;51.5412507;;;;;;hairdresser;;;Саратов
node;9654711017;shop;Пятёрочка;45.9407542;51.5931851;;Московское шоссе;1А;;;convenience;;;Саратов
node;9671196917;shop;Пятёрочка;46.084728;51.4994971;;Короткая улица;;;Пятёрочка;supermarket;;;Энгельс
node;9748274531;shop;Чай в дом;46.0292838;51.5628515;;;;;;convenience;;;Саратов
node;9761691350;service;Кокетка;46.0217242;51.5654246;;;;;;hairdresser;;;Саратов
node;9771971007;shop;Пятёрочка;46.024501;51.5702739;;;;;;supermarket;;;Саратов
node;9802616118;shop;Магнит;45.9659617;51.5753222;;;;;;supermarket;;;Саратов
node;9803440986;shop;Гулливер;47.8359851;52.0280674;;;;;Гулливер;supermarket;;;Балаково
node;9803440987;shop;Гулливер;47.7895027;52.0307544;;;;;;supermarket;;;Балаково
node;9803440988;shop;Гулливер;47.8214398;52.0227568;;;;;;supermarket;;;Балаково
node;9804114933;shop;Скидкино;45.3972566;52.3002028;;;;;;convenience;;;Петровск
node;9870751019;atm;;45.9702621;51.5414796;;;;"ПАО Банк ""ФК Открытие""";;;;atm;Саратов
node;9935886717;shop;Поляна;45.4101606;52.3225617;;;;;;convenience;;;Петровск
node;9935891617;shop;Сосновый Бор;45.4092331;52.3186082;;;;;;convenience;;;Петровск
node;9935892321;shop;Дунай;45.408551;52.3201773;;;;;;convenience;;;Петровск
node;9944350975;shop;Фасоль;45.944021;51.583762;;;;;;convenience;;;Саратов
node;9944350976;shop;Фасоль;46.022309;51.541181;;;;;;convenience;;;Саратов
node;9944350977;shop;Фасоль;45.994161;51.597198;;;;;;convenience;;;Саратов
node;9944350978;shop;Фасоль;46.8886802;52.1518696;;;;;;convenience;;;Шиханы
node;9944350979;shop;Фасоль;45.994716;51.5361607;;;;;;convenience;;;Саратов
node;9944350980;shop;Фасоль;46.073463;52.1398;;;;;;convenience;;;прочие населённые пункты
node;9944350981;shop;Фасоль;47.4582258;52.0566088;;;;;;convenience;;;Вольск
node;9944350982;shop;Фасоль;46.079289;51.539652;;;;;;convenience;;;Саратов
node;9944350983;shop;Фасоль;45.708253;51.028302;;;;;;convenience;;;Красноармейск
node;9944350984;shop;Фасоль;46.004855;51.538739;;;;;;convenience;;;Саратов
node;9944350985;shop;Фасоль;46.125938;51.484807;;;;;;convenience;;;Энгельс
node;9944350986;shop;Фасоль;46.08086;51.587403;;;;;;convenience;;;Саратов
node;9944350987;shop;Фасоль;45.917723;51.598251;;;;;;convenience;;;Саратов
node;9958580217;service;Детская парикмахерская Мой ангел;46.1335466;51.477559;;улица Тельмана;150/7;;;beauty;;;Энгельс
node;9958580317;service;Мой ангел;46.1348104;51.4782801;;улица Тельмана;150/7;;;hairdresser;;;Энгельс
node;9988383222;bank;Личные Наличные;46.0506402;51.5579111;;;;;;;;bank;Саратов
node;10046529797;bank;МТС Банк;46.0185233;51.537331;;;;;;;;bank;Саратов
node;10046728081;shop;Фасоль;46.869092;51.286209;;;;;Фасоль;convenience;;;Степное
node;10046728082;shop;Фасоль;45.985159;51.527339;;;;;;convenience;;;Саратов
node;10046728083;shop;Фасоль;45.995247;51.522618;;;;;;convenience;;;Саратов
node;10046728084;shop;Фасоль;45.794945;51.81056;;;;;;convenience;;;Татищево
node;10046728085;shop;Фасоль;45.970555;51.515312;;;;;;convenience;;;Саратов
node;10046804728;shop;Скидкино;47.8182855;52.0262128;;;;;;convenience;;;Балаково
node;10046804729;shop;Скидкино;46.762447;51.711618;;;;;;convenience;;;Маркс
node;10046804730;shop;Скидкино;46.4047694;52.2926603;;;;;;convenience;;;прочие населённые пункты
node;10046804731;shop;Скидкино;46.078175;52.130638;;;;;;convenience;;;прочие населённые пункты
node;10046804732;shop;Скидкино;43.773109;52.250068;;;;;Скидкино;convenience;;;Ртищево
node;10046804733;shop;Скидкино;46.4198381;52.2770957;;;;;;convenience;;;прочие населённые пункты
node;10046804734;shop;Скидкино;46.1289552;51.4951148;;;;;;convenience;;;Энгельс
node;10046804735;shop;Скидкино;43.7790853;52.2617964;;;;;;convenience;;;Ртищево
node;10046804736;shop;Скидкино;46.7540199;51.7016002;;;;;;convenience;;;Маркс
node;10046804737;shop;Скидкино;46.7461905;51.7081243;;;;;;convenience;;;Маркс
node;10080283080;service;Виктория;46.0157016;51.5283303;;;;;;beauty;;;Саратов
node;10127260394;shop;;45.9522419;51.4616462;;;;;;convenience;;;Саратов
node;10127496950;service;Pro curl;46.009429;51.5369613;;;;;;beauty;;;Саратов
node;10143313817;shop;Магнит;46.1106809;51.5023644;;;;;Магнит;supermarket;;;Энгельс
node;10218757415;shop;Дубки;46.0122724;51.5341377;;;;;;convenience;;;Саратов
node;10230859884;shop;Фасоль;45.9752632;51.5382478;;;;;;convenience;;;Саратов
node;10232908230;shop;Радуга;45.9208036;51.5956054;Саратов;2-й Московский проезд;9А;;;convenience;;;Саратов
node;10267728909;bank;БыстроБанк;46.0160246;51.5361953;;улица Рахова;149/157;"ПАО ""БыстроБанк""";;;;bank;Саратов
node;10281881858;shop;Пятёрочка;46.7619565;51.7008422;;;;;Пятёрочка;supermarket;;;Маркс
node;10281881866;shop;Пятёрочка;46.7516702;51.7071487;;;;;Пятёрочка;convenience;;;Маркс
node;10291368231;bank;;45.9684778;51.5925623;;;;Уралсиб Банк;;;;bank;Саратов
node;10292674025;shop;Пятёрочка;45.9853892;51.5289515;;;;;Пятёрочка;supermarket;;;Саратов
node;10292808436;service;Beauty Market;46.0252192;51.5318138;;;;;;beauty;;;Саратов
node;10292820177;service;Keauty;46.0266985;51.53144;;;;;;beauty;;;Саратов
node;10292882764;service;Ваниль;46.0265466;51.5312883;;;;;;beauty;;;Саратов
node;10292918898;atm;;46.0268674;51.5312224;;;;АО «ТБанк»;Т-Банк;;;atm;Саратов
node;10292997427;atm;;46.026973;51.5313909;;;;ПАО Сбербанк;Сбербанк;;;atm;Саратов
node;10292997429;atm;;46.0270007;51.5314094;;;;"АО ""Россельхозбанк""";Россельхозбанк;;;atm;Саратов
node;10295033680;service;;46.0193571;51.5293892;;;;Л'Этуаль;;beauty;;;Саратов
node;10295034044;atm;;46.0194133;51.5293954;;;;АО «ТБанк»;Т-Банк;;;atm;Саратов
node;10296534094;service;Перфекто;45.9857256;51.5290576;;;;;;beauty;;;Саратов
node;10297984076;service;;46.0134758;51.5408679;;;;Л'Этуаль;;beauty;;;Саратов
node;10297995769;shop;Перекрёсток;46.0140032;51.541037;;;;;Перекрёсток;supermarket;;;Саратов
node;10300217504;service;Магнит Косметик;46.0035628;51.5357189;;;;;;beauty;;;Саратов
node;10300226471;bank;Россельхозбанк;46.0147884;51.5339197;;;;"АО ""Россельхозбанк""";Россельхозбанк;;;bank;Саратов
node;10300317410;service;Barber Clan;46.0281913;51.5315023;;;;;;hairdresser;;;Саратов
node;10300569076;bank;Уралсиб;46.0101814;51.5190309;;;;;;;;bank;Саратов
node;10571514354;shop;Магнит;48.7877177;52.0188854;;;;"АО ""Тандер""";Магнит;supermarket;;;Пугачёв
node;10571514375;shop;Светофор;48.7876613;52.018533;;;;;Светофор;supermarket;;;Пугачёв
node;10571514423;service;Косметология;48.7875903;52.0169888;;;;;;beauty;;;Пугачёв
node;10571514476;shop;Пятёрочка;48.7866582;52.0155791;;;;;Пятёрочка;supermarket;;;Пугачёв
node;10571514478;shop;Авоська;48.7875292;52.0155044;;;;;;convenience;;;Пугачёв
node;10571514588;shop;Продсклад Победа;48.7812898;52.0274027;;;;;;convenience;;;Пугачёв
node;10571514597;service;Studio Olga Bashmakova;48.7799902;52.0228484;;;;;;hairdresser;;;Пугачёв
node;10584126761;service;Океания;46.0588276;51.5283514;Саратов;Валовая улица;2/10;;;beauty;;;Саратов
node;10584126762;shop;В Шаге;46.058821;51.5284539;Саратов;Валовая улица;2/10;;;convenience;;;Саратов
node;10603592769;bank;Цифра банк;46.0109445;51.534892;;;;;Циfра банк;;;bank;Саратов
node;10603592770;atm;;46.0110774;51.534916;;;;"ООО ""Цифра банк""";Цифра брокер;;;atm;Саратов
node;10604016443;shop;Чижик;46.1645012;51.4783502;;;;;;supermarket;;;Энгельс
node;10633503505;service;Барбер клан;46.0178601;51.5372362;;Московская улица;135/144;;;hairdresser;;;Саратов
node;10633554205;shop;Светофор;46.0004874;51.5370798;;;;;Светофор;supermarket;;;Саратов
node;10633667705;shop;Пятёрочка;46.0105273;51.5349863;;;;;Пятёрочка;supermarket;;;Саратов
node;10649073009;shop;Светофор;46.0004873;51.5370797;;;;;Светофор;supermarket;;;Саратов
node;10649073010;shop;Пятёрочка;46.0167235;51.532726;;Мирный переулок;11/13;;Пятёрочка;supermarket;;;Саратов
node;10649102405;shop;Пятёрочка;46.0105273;51.5349862;;;;;Пятёрочка;supermarket;;;Саратов
node;10655583166;shop;Балаковский;47.7922436;52.0113012;;;;;;convenience;;;Балаково
node;10655583167;shop;Балаковский;47.798346;52.0069966;;;;;;convenience;;;Балаково
node;10655583168;shop;Балаковский;47.8016424;52.016823;;;;;;convenience;;;Балаково
node;10655583169;shop;Балаковский;45.9915644;51.6092024;;;;;;convenience;;;Саратов
node;10655583170;shop;Балаковский;47.776827;52.037373;;;;;;convenience;;;Балаково
node;10655583171;shop;Балаковский;47.8010577;52.0031066;;;;;;convenience;;;Балаково
node;10655583172;shop;Балаковский;47.781014;52.022696;;;;;;convenience;;;Балаково
node;10655583173;shop;Балаковский;48.1116843;52.4911951;;;;;;convenience;;;Хвалынск
node;10655583174;shop;Балаковский;47.8211206;52.0065409;;;;;;convenience;;;Балаково
node;10655583175;shop;Балаковский;45.9894798;51.5606615;;;;;;convenience;;;Саратов
node;10655583176;shop;Балаковский;47.7954894;52.0415801;;;;;;convenience;;;Балаково
node;10655583177;shop;Балаковский;47.8064221;52.044787;;;;;;convenience;;;Балаково
node;10655583178;shop;Балаковский;47.8255597;52.0165671;;;;;;convenience;;;Балаково
node;10655583179;shop;Балаковский;47.8352398;52.0304987;;;;;;convenience;;;Балаково
node;10655583180;shop;Балаковский;47.4601221;52.0565741;;;;;;convenience;;;Вольск
node;10655583181;shop;Балаковский;47.4582445;52.0557659;;;;;;convenience;;;Вольск
node;10655583182;shop;Балаковский;47.4801877;52.0758497;;;;;;convenience;;;Вольск
node;10655583183;shop;Балаковский;47.3724407;52.0453381;;;;;;convenience;;;Вольск
node;10655583184;shop;Балаковский;47.8141415;51.9961314;;;;;;convenience;;;Балаково
node;10655583185;shop;Балаковский;47.7835965;52.0152877;;;;;;convenience;;;Балаково
node;10655583186;shop;Балаковский;45.9604669;51.5825466;;;;;;convenience;;;Саратов
node;10655583187;shop;Балаковский;47.8202623;52.0225803;;;;;;convenience;;;Балаково
node;10655583188;shop;Балаковский;47.8303072;52.0250327;;;;;;convenience;;;Балаково
node;10655583189;shop;Балаковский;47.3698845;52.0668363;;;;;;convenience;;;Вольск
node;10655583190;shop;Балаковский;47.786007;52.033332;;;;;;convenience;;;Балаково
node;10655583191;shop;Балаковский;47.810525;52.006938;;;;;;convenience;;;Балаково
node;10655583192;shop;Балаковский;47.8360659;52.0164367;;;;;;convenience;;;Балаково
node;10655583193;shop;Балаковский;48.8157374;52.0155188;;;;;;convenience;;;Пугачёв
node;10655583194;shop;Балаковский;47.7729857;52.0275778;;;;;;convenience;;;Балаково
node;10655583195;shop;Балаковский;47.8241676;52.0263167;;;;;;convenience;;;Балаково
node;10688038749;shop;Магазин БРИЗ;45.8916236;50.8235779;Золотое;улица Калинина;8А;;;supermarket;;;Золотое
node;10700321005;atm;;46.0320313;51.5284737;;;;;;;;atm;Саратов
node;10706283408;shop;Русский;48.821389;51.9940839;;;;;;convenience;;;Пугачёв
node;10722881145;shop;Продсклад Победа;47.789334;52.006045;;;;;;convenience;;;Балаково
node;10722881146;shop;Продсклад Победа;45.981797;51.610637;;;;;;convenience;;;Саратов
node;10722881156;shop;Продсклад Победа;43.776416;52.256067;;;;;;convenience;;;Ртищево
node;10722881170;shop;Продсклад Победа;45.981741;51.525051;;;;;;convenience;;;Саратов
node;10722881177;shop;Продсклад Победа;46.1806306;51.5055388;;;;;;convenience;;;Энгельс
node;10730528205;service;Мастерская красоты;46.0159973;51.5343086;;;;;;beauty;;;Саратов
node;10731259815;service;На фрече;46.0189022;51.5342002;;;;;;beauty;;;Саратов
node;10734935507;shop;Продуктовый магазин;46.0168261;51.5337709;;;;;Продуктовий магазин;convenience;;;Саратов
node;10734975808;service;Nail wizard by Alena Smolik;46.0138271;51.5367353;;Большая Казачья улица;100;;;beauty;;;Саратов
node;10734990706;shop;Дубки;46.0204316;51.5328829;;;;;;convenience;;;Саратов
node;10735290212;service;Студия депиляции Delicate;46.0133052;51.536828;;;;;;beauty;;;Саратов
node;10737178205;shop;Супер семь;46.0142172;51.5366217;;;;;Продуктовий магазин;convenience;;;Саратов
node;10737179408;service;Гладкое тело;46.0185606;51.5342724;;;;;;beauty;;;Саратов
node;10737198307;service;Клиника эстетической косметологии The Skin;46.013083;51.5368775;;;;;;beauty;;;Саратов
node;10737222010;service;Estetic-lab лаборатория красоты;46.0184887;51.5342841;;;;;;beauty;;;Саратов
node;10737254757;service;;46.0175705;51.5339085;;;;;;hairdresser;;;Саратов
node;10737254787;shop;Магия вкуса;46.0176114;51.5339782;;;;;;convenience;;;Саратов
node;10779580279;atm;;46.0148567;51.5339143;;;;"АО ""Россельхозбанк""";Россельхозбанк;;;atm;Саратов
node;10779620992;service;Спа салон Prana Thai;46.0148879;51.5361209;;;;;;massage;;;Саратов
node;10779620993;service;Прана тай;46.0148228;51.5361371;;;;;;beauty;;;Саратов
node;10779640408;service;Новая энергия;46.0106214;51.5365952;;;;;;massage;;;Саратов
node;10779640409;service;Клиника лазерной эпиляции Клеопатра;46.0106448;51.536609;;;;;;beauty;;;Саратов
node;10795401856;bank;Альфа-Банк;46.0161065;51.531477;;;;"АО ""Альфа-Банк""";Альфа-Банк;;;bank;Саратов
node;10795401857;bank;Пойдём;46.0165809;51.531503;;Мирный переулок;6;;;;;bank;Саратов
node;10795422931;shop;Витаминный центр;46.0187123;51.529599;;Советская улица;51;;Продуктовий магазин;convenience;;;Саратов
node;10841668951;shop;Кормилица;45.9561131;51.5812308;;;;;;convenience;;;Саратов
node;10861623576;shop;Пятёрочка;46.0274438;51.5858664;;;;;Пятёрочка;supermarket;;;Саратов
node;10861624790;shop;Продуктовый магазин;46.025812;51.5875784;;;;;Продуктовий магазин;convenience;;;Саратов
node;10931492142;shop;Пятёрочка;45.9998405;51.6024126;;;;;;supermarket;;;Саратов
node;11054866344;shop;Магнит;46.0550016;51.552906;;;;;Магнит;supermarket;;;Саратов
node;11056256860;shop;;48.1108542;52.4936692;;;;;;convenience;;;Хвалынск
node;11061364806;shop;Глория;46.097187;51.4850783;;Заводская улица;2;;;convenience;;;Энгельс
node;11061368006;shop;Белая долина;46.10065;51.4829;;;;;;convenience;;;Энгельс
node;11061379405;shop;Магазин Волжанка;46.0979212;51.4840021;;;;;;convenience;;;Энгельс
node;11061388905;shop;;45.9589399;51.5766542;;;;;;convenience;;;Саратов
node;11073875091;shop;;45.6571287;51.2908038;;;;;;convenience;;;Красноармейск
node;11089185347;shop;Пекарня Хлебница;45.9572443;51.5765632;Саратов;Одесская улица;26А1;;;convenience;;;Саратов
node;11099125101;shop;Магнит у дома;46.012777;51.5665556;;;;;;supermarket;;;Саратов
node;11099149320;service;Анна;46.0147519;51.5660611;;;;;;hairdresser;;;Саратов
node;11099152582;shop;Пятёрочка;46.0097289;51.5672212;;;;;Пятёрочка;supermarket;;;Саратов
node;11116602016;shop;Продсклад Победа;45.9024507;51.4718006;;;;;;convenience;;;Саратов
node;11116602048;shop;Продсклад Победа;47.3799509;52.0585268;;;;;;convenience;;;Вольск
node;11116602050;shop;Продсклад Победа;46.410614;52.281131;;;;;;convenience;;;прочие населённые пункты
node;11116602056;shop;Продсклад Победа;45.826865;51.57231;;;;;;convenience;;;Саратов
node;11116602057;shop;Продсклад Победа;49.0954864;52.2597395;;;;;;convenience;;;прочие населённые пункты
node;11116602058;shop;Продсклад Победа;45.699854;51.009706;;;;;;convenience;;;Красноармейск
node;11122073153;shop;Магнит;49.1059806;52.2692978;;;;;Магнит;supermarket;;;прочие населённые пункты
node;11122073162;shop;Пятёрочка;49.1048259;52.2676992;;;;;Пятёрочка;supermarket;;;прочие населённые пункты
node;11122073165;shop;Продукты;49.1066239;52.2688395;;;;;;convenience;;;прочие населённые пункты
node;11123518684;shop;;48.7908225;52.0281261;;;;;;convenience;;;Пугачёв
node;11123523303;shop;Мишель;49.0543884;52.1054676;;;;;;convenience;;;Пугачёв
node;11123535864;shop;Продукты;48.8243467;52.0244066;;;;;;convenience;;;Пугачёв
node;11124477307;shop;Микс;48.7145183;52.0399607;;;;;;convenience;;;Пугачёв
node;11124727192;shop;Дубки;46.0515978;51.553254;Саратов;Соколовогорская улица;7;;;convenience;;;Саратов
node;11124727204;shop;Спутник;46.0519924;51.5530072;Саратов;Соколовогорская улица;6;;;convenience;;;Саратов
node;11124745005;shop;Магнит;46.0519382;51.5563532;;;;;Магнит;convenience;;;Саратов
node;11125489659;shop;Оазис;48.0220538;51.8980482;;;;;;convenience;;;Балаково
node;11125519188;shop;;48.0130406;51.9007908;;;;;;convenience;;;Балаково
node;11129293739;shop;Продукты;47.2031558;51.9065529;;Центральная улица;36;;;convenience;;;Вольск
node;11129497308;shop;Вишенка;47.1720044;51.8990599;;;;;;convenience;;;Воскресенское
node;11129497309;shop;Наш Магазин;47.1714656;51.8988219;;;;;;convenience;;;Воскресенское
node;11129515250;shop;Победа;47.1594684;51.8948761;;;;;;convenience;;;Воскресенское
node;11131473405;shop;ЧасОк;46.7006212;51.680997;;;;;;convenience;;;Маркс
node;11132546092;shop;Пятёрочка;46.0947877;51.5011018;;;;;Пятёрочка;supermarket;;;Энгельс
node;11132546093;atm;;46.0950644;51.4978568;;;;ПАО Сбербанк;Сбербанк;;;atm;Энгельс
node;11134373979;shop;Улешок;45.9851203;51.5072234;;;;;;convenience;;;Саратов
node;11134373980;bank;Альфа-Банк;45.9824013;51.5090195;;;;"АО ""Альфа-Банк""";Альфа-Банк;;;bank;Саратов
node;11136360093;shop;;45.6714233;51.283725;;;;Лукойл;;convenience;;;Красноармейск
node;11136634142;shop;Продукты;45.6624672;51.1710369;;;;;;convenience;;;Красноармейск
node;11136634143;shop;Продукты;45.6628717;51.1721587;;;;;;convenience;;;Красноармейск
node;11150031613;shop;Магнит;43.8073097;52.2627679;Ртищево;;;;Магнит;convenience;;;Ртищево
node;11186613737;atm;;46.0452363;51.5407887;;;;;;;;atm;Саратов
node;11240806147;bank;Бизнес-Юрист;45.3871835;52.2993787;Петровск;Московская улица;113А, Петровскпавильон №106;;;;;bank;Петровск
node;11255046881;shop;Продсклад Победа;45.3916669;52.3119941;;;;;;convenience;;;Петровск
node;11302107546;shop;Пятёрочка;46.0189;51.5232863;Саратов;;;;Пятёрочка;supermarket;;;Саратов
node;11307551635;bank;Сбербанк;45.8258548;51.570379;;;;;Сбербанк;;;bank;Саратов
node;11307551641;service;Натали;45.8304495;51.5706107;;;;;;hairdresser;;;Саратов
node;11307551642;atm;;45.8279637;51.5724766;;;;ПАО Сбербанк;Сбербанк;;;atm;Саратов
node;11307551648;shop;Универсам;45.8306828;51.5701381;;;;;;supermarket;;;Саратов
node;11313898069;shop;Пятерочка;46.0485667;51.5291458;;;;;;convenience;;;Саратов
node;11345942266;shop;Светофор;45.9355974;51.4621133;;;;;Светофор;supermarket;;;Саратов
node;11459445793;shop;Доброцен;45.5920274;51.6671525;;;;;;supermarket;;;Татищево
node;11491148002;shop;;45.6888502;51.3924741;;;;;;convenience;;;Саратов
node;11491148004;shop;;45.6883534;51.3894173;;;;;;convenience;;;Саратов
node;11494710463;shop;Магнит;45.9625659;51.5990266;;;;;Магнит;convenience;;;Саратов
node;11508334498;bank;Сбербанк;44.4861349;51.5019569;;;;;;;;bank;Калининск
node;11508334499;atm;;44.4861711;51.5019561;;;;;;;;atm;Калининск
node;11508334500;atm;;44.4829098;51.4980341;;;;;;;;atm;Калининск
node;11508334501;atm;;44.4905724;51.4909294;;;;;;;;atm;Калининск
node;11508334502;atm;;44.4892912;51.5024878;;;;;;;;atm;Калининск
node;11536162934;shop;Магнит;46.021677;51.609102;;;;;Магнит;supermarket;;;Саратов
node;11556671233;shop;Пятёрочка;46.0190975;51.5260982;;;;;Пятёрочка;supermarket;;;Саратов
node;11557194419;shop;Магнит;45.9338244;51.4974149;;;;;Магнит;convenience;;;Саратов
node;11559767880;shop;Магнит;43.1528056;51.5429138;;;;"АО ""Тандер""";Магнит;supermarket;;;Балашов
node;11572384948;shop;Доброцен;43.1586485;51.5350192;;;;;;supermarket;;;Балашов
node;11572394482;shop;Доброцен;43.2025777;51.5418324;;;;;;supermarket;;;Балашов
node;11572394518;shop;Доброцен;47.7817147;52.0110178;;;;;;supermarket;;;Балаково
node;11572394527;shop;Доброцен;46.8519387;51.3868744;;;;;;supermarket;;;Степное
node;11588931332;shop;Маяк;46.017893;51.5420931;;;;;;supermarket;;;Саратов
node;11588931333;shop;Чижик;46.0173646;51.5424251;;;;;;supermarket;;;Саратов
node;11629761890;shop;Красное&Белое;45.9758742;51.5724958;;;;;;supermarket;;;Саратов
node;11708510375;service;Soroka;46.0149294;51.5189361;;;;;;beauty;;;Саратов
node;11708510376;service;;46.0149108;51.5189658;;;;;;hairdresser;;;Саратов
node;11726837851;atm;;48.7909918;52.0199761;;;;"ПАО ""АК БАРС"" БАНК";Ак Барс Банк;;;atm;Пугачёв
node;11726837862;atm;;43.6990981;51.1868896;;;;"ПАО ""АК БАРС"" БАНК";Ак Барс Банк;;;atm;прочие населённые пункты
node;11728760824;bank;Сбербанк;45.695507;51.0249728;;улица Ленина;75;;Сбербанк;;;bank;Красноармейск
node;11738932975;service;;46.0135089;51.5269235;;;;;;beauty;;;Саратов
node;11738945965;service;;45.9690338;51.5687877;;;;;;beauty;;;Саратов
node;11739302226;service;Той;46.0526732;51.5261893;;;;;;beauty;;;Саратов
node;11750110867;shop;Магнит;47.8256209;52.0164535;;;;;Магнит;supermarket;;;Балаково
node;11750112497;shop;Белая долина;47.827426;52.0264278;;;;;;convenience;;;Балаково
node;11750112498;shop;Стимул;47.8276764;52.0264864;;;;;;supermarket;;;Балаково
node;11750112982;shop;Васино;47.8275262;52.0264982;;;;;;convenience;;;Балаково
node;11758303607;shop;Победа, дискаунтер;45.9634882;51.5882604;;;;;Победа;convenience;;;Саратов
node;11761555704;service;;47.830787;52.0213614;;;;;;hairdresser;;;Балаково
node;11761629154;shop;Чижик;47.7918245;52.0111007;;;;;Чижик;supermarket;;;Балаково
node;11768337708;atm;;47.8174173;52.0024174;;;;"ПАО ""Совкомбанк""";;;;atm;Балаково
node;11770932997;service;Hair Work;47.818099;52.0189164;;;;;;hairdresser;;;Балаково
node;11770947467;service;Сан Сити;47.8177905;52.0187266;;;;;;beauty;;;Балаково
node;11770953985;shop;;47.8194514;52.0192255;;;;;;convenience;;;Балаково
node;11770962890;shop;Впрок;47.8196268;52.0193133;;;;;;convenience;;;Балаково
node;11770964864;service;Cutrin;47.8182981;52.0191838;;;;;;hairdresser;;;Балаково
node;11770964928;service;GlamourPro;47.8181122;52.0190194;;;;;;beauty;;;Балаково
node;11770975867;service;;47.8185137;52.019258;;;;;;massage;;;Балаково
node;11770976403;service;ИП Е. В. Бурлуцкая;47.8181903;52.018979;;;;;;beauty;;;Балаково
node;11770980518;service;Гламур;47.8184721;52.0190143;;;;;;hairdresser;;;Балаково
node;11773005330;service;Катерина;47.7844513;52.0307384;;;;;;hairdresser;;;Балаково
node;11773042240;shop;Ермолино;47.7831013;52.030652;;;;;Ермолино;convenience;;;Балаково
node;11773042244;shop;Рябушка;47.7831875;52.0306048;;;;;;convenience;;;Балаково
node;11773042251;atm;;47.7834927;52.0308947;;;;ПАО Сбербанк;Сбербанк;;;atm;Балаково
node;11773045550;atm;;47.7835007;52.0307482;;;;Банк ГПБ (АО);Газпромбанк;;;atm;Балаково
node;11773055461;shop;Балаковский;47.7830971;52.0304659;;;;;;convenience;;;Балаково
node;11773075438;atm;;47.7833182;52.0296312;;;;ПАО Сбербанк;Сбербанк;;;atm;Балаково
node;11773957815;service;Горожанка;46.0243839;51.5263303;;;;;;beauty;;;Саратов
node;11780847003;service;Мохито;46.0138711;51.532265;;;;;;beauty;;;Саратов
node;11789318279;service;;47.7822165;52.0262324;;;;;;hairdresser;;;Балаково
node;11791609069;service;Русский стиль;47.782095;52.02532;;;;;;hairdresser;;;Балаково
node;11791619269;service;Panamera;47.7821569;52.0251887;;;;;;beauty;;;Балаково
node;11791672270;bank;ДеньгиАктив;47.7821175;52.0248965;;;;;;;;bank;Балаково
node;11793315311;bank;Сбербанк;47.8208463;52.0181839;;Трнавская улица;14;;Сбербанк;;;bank;Балаково
node;11793361207;shop;;47.7812385;52.0188305;;;;;;supermarket;;;Балаково
node;11793361208;shop;Милена;47.7836138;52.0197058;;;;;;convenience;;;Балаково
node;11793361209;shop;Берёзка;47.781677;52.0221643;;;;;;convenience;;;Балаково
node;11802122740;service;Е. С. Студия;45.9589729;51.5973319;;;;;;beauty;;;Саратов
node;11804019369;atm;;47.7886006;52.0058441;;;;ПАО Сбербанк;Сбербанк;;;atm;Балаково
node;11804022070;service;Анабель;47.7888299;52.0061777;;;;;;hairdresser;;;Балаково
node;11804059879;atm;;47.7890662;52.0061707;;;;АО «ТБанк»;Т-Банк;;;atm;Балаково
node;11804059975;service;Мелея;47.7877558;52.0062513;;;;;;hairdresser;;;Балаково
node;11804059976;service;Красотка;47.7875365;52.0066649;;;;;;hairdresser;;;Балаково
node;11804149969;service;Мята;47.7904855;52.0045213;;;;;;beauty;;;Балаково
node;11806747295;bank;Балаково-Банк;47.7864067;52.0308374;;;;;;;;bank;Балаково
node;11806747889;atm;;47.7864259;52.030733;;;;"АО ""БАЛАКОВО-БАНК""";;;;atm;Балаково
node;11806750376;shop;Магнит;47.7876516;52.0308213;;;;;;supermarket;;;Балаково
node;11806802791;shop;Чижик;47.7888962;52.0308786;;;;;;supermarket;;;Балаково
node;11806952069;service;SvetLana;47.7899748;52.0316129;;;;;;hairdresser;;;Балаково
node;11806960169;service;Николь;47.7869818;52.0316377;;;;;;beauty;;;Балаково
node;11821899470;shop;Магнит;47.7937422;52.0347372;;;;;Магнит;supermarket;;;Балаково
node;11823816378;service;Unico;47.7832133;52.0201776;;;;;;hairdresser;;;Балаково
node;11823818270;bank;Народный кредит;47.7832722;52.0202737;;;;;;;;bank;Балаково
node;11824022469;service;Sunrise;47.7895512;52.0217164;;;;;;beauty;;;Балаково
node;11824067169;bank;Почта Банк;47.7905015;52.0216867;;;;"АО ""Почта Банк""";;;;bank;Балаково
node;11824083169;shop;Домашний;47.7882446;52.0195077;;;;;;convenience;;;Балаково
node;11824793569;service;;47.7812235;52.0187766;;;;;;beauty;;;Балаково
node;11824797469;service;ВЧайке;47.7814015;52.0193475;;;;;;hairdresser;;;Балаково
node;11824803669;atm;;47.7815038;52.019573;;;;"ПАО ""Совкомбанк""";;;;atm;Балаково
node;11824982097;service;Чик-чик;46.0136888;51.5364097;;;;;;hairdresser;;;Саратов
node;11826941369;service;Ногтевая студия;47.7834449;52.0396136;;;;;;beauty;;;Балаково
node;11829165561;bank;Почта Банк;47.8069762;52.0445554;;;;"АО ""Почта Банк""";Почта Банк;;;bank;Балаково
node;11829167665;shop;Домашний;47.8095119;52.0444657;;;;;;convenience;;;Балаково
node;11829176327;shop;Пятёрочка;47.807985;52.0446753;;;;;Пятёрочка;supermarket;;;Балаково
node;11831365234;shop;;47.8286892;52.0175776;;Степная улица;11А;;;convenience;;;Балаково
node;11831365235;shop;Гулливер;47.825708;52.0165274;;улица 30 лет Победы;30/1;;Гулливер;supermarket;;;Балаково
node;11831417062;shop;Гулливер;47.839858;52.0210058;;Степная улица;84/1;;Гулливер;supermarket;;;Балаково
node;11831417063;shop;Ярослав;47.8389726;52.0213174;;Степная улица;23/2;;;supermarket;;;Балаково
node;11832287773;shop;Пятерочка;48.1147235;52.494147;;;;;;convenience;;;Хвалынск
node;11847206297;shop;Пятёрочка;45.970159;51.5414734;;;;;Пятёрочка;supermarket;;;Саратов
node;11853672997;shop;Чижик;47.7739525;52.0331789;;;;;;supermarket;;;Балаково
node;11890887234;shop;Магнит;48.0244883;52.3064061;;;;;Магнит;convenience;;;Хвалынск
node;11890887237;shop;;48.0243702;52.3064931;;;;;;convenience;;;Хвалынск
node;11893490069;shop;;45.5231217;50.9633846;;;;;;convenience;;;Красноармейск
node;11926037670;bank;Промсвязьбанк;46.122748;51.4912541;;;;;;;;bank;Энгельс
node;11926037671;bank;Промсвязьбанк;46.0261332;51.5282548;;;;;;;;bank;Саратов
node;11952449492;bank;Финсервис;46.1210852;51.4737928;;;;"АО ""Банк Финсервис""";Финсервис;;;bank;Энгельс
node;11971958069;service;Гламур;47.7811273;52.0247623;;;;;;hairdresser;;;Балаково
node;11971972269;atm;;47.7784049;52.026296;;;;ПАО Сбербанк;Сбербанк;;;atm;Балаково
node;11971976369;service;Обнулярий;47.7795634;52.0282439;;;;;;massage;;;Балаково
node;11971976370;service;Красивый силуэт;47.7793385;52.0282689;;;;;;beauty;;;Балаково
node;11985258959;shop;Чижик;46.7644251;51.710235;;10-я линия;;;;convenience;;;Маркс
node;11991877213;shop;Доброцен;44.478877;51.490435;;;;;;supermarket;;;Калининск
node;12027841969;service;Альтер Эго;47.7819544;52.0386877;;;;;;hairdresser;;;Балаково
node;12027872169;service;Эконом;47.780121;52.0393251;;;;;;hairdresser;;;Балаково
node;12027872170;service;Infinity;47.7814034;52.0392206;;;;;;beauty;;;Балаково
node;12027874769;shop;Впрок;47.7801632;52.0392328;;;;;;convenience;;;Балаково
node;12027890869;service;Sasha;47.78158;52.038675;;;;;;hairdresser;;;Балаково
node;12048199177;bank;Почта Банк;50.3486089;51.8597033;;;;;Почта Банк;;;bank;прочие населённые пункты
node;12057552870;shop;Магнит;46.0181842;51.6131567;;;;;;convenience;;;Саратов
node;12062840654;bank;Сбербанк;47.3889313;52.0395199;Вольск;улица Пугачёва;45;;Сбербанк;;;bank;Вольск
node;12096904301;service;Аннушка;48.5710821;50.1428412;;;;;;hairdresser;;;Александров Гай
node;12167518518;shop;Подсолнух;43.5023849;51.9368312;;;;;;convenience;;;Аркадак
node;12170037707;shop;Находка;48.2790692;51.3517786;;;;;;convenience;;;Ершов
node;12170037710;shop;Находка;47.8451623;52.0187845;;;;;;convenience;;;Балаково
node;12177500302;service;Парикмахерская;48.806304;52.0246203;;;;;;hairdresser;;;Пугачёв
node;12177500401;shop;Продукты;48.8058682;52.0254026;;;;;;convenience;;;Пугачёв
node;12177500402;service;Парикмахерская;48.8058149;52.0254118;;;;;;hairdresser;;;Пугачёв
node;12186658401;shop;Магнит Моя Цена;45.9868921;51.5302853;;;;;;supermarket;;;Саратов
node;12278147545;shop;Пятёрочка;46.1148075;51.4718642;Энгельс;Золотовская улица;103;;Пятёрочка;supermarket;;;Энгельс
node;12288304913;bank;Сбербанк;43.1585158;51.5357132;;привокзальная;1;;;;;bank;Балашов
node;12492511238;shop;Магнит;47.3624332;52.0575199;;Комсомольская улица;200;"АО ""Тандер""";Магнит;supermarket;;;Вольск
node;12517793899;shop;Продукты;46.1558953;51.47192;;;;;;convenience;;;Энгельс
node;12552445904;shop;Пятёрочка;46.6265744;52.466741;Балтай;улица Чапаева;79;Пятёрочка;Пятёрочка;supermarket;;;Балтай
node;12560790589;shop;Кристина;46.1617178;51.4747684;;;;;;convenience;;;Энгельс
node;12560793605;shop;Гроздь;46.146222;51.4806198;;;;;;supermarket;;;Энгельс
node;12560793626;shop;Магнит;46.1604836;51.486156;;улица Колотилова;86;;Магнит;supermarket;;;Энгельс
node;12560865628;shop;Пятёрочка;46.1290968;51.49759;;;;;Пятёрочка;supermarket;;;Энгельс
node;12561085309;shop;Магнит;46.1431063;51.4976504;;Телеграфная улица;88А;;Магнит;supermarket;;;Энгельс
node;12561085327;shop;Пятёрочка;46.126032;51.5013924;;;;"ООО ""Агроторг""";Пятёрочка;supermarket;;;Энгельс
node;12561085387;shop;;46.0787655;51.5008462;;;;;;convenience;;;Энгельс
node;12561085388;shop;;46.079305;51.5009379;;улица Тургенева;2А;;;convenience;;;Энгельс
node;12722594443;shop;Продсклад Победа;45.904317;51.608025;;;;;;convenience;;;Саратов
node;12732938393;shop;Магнит;43.7964365;52.2595891;;;;"АО ""Тандер""";Магнит;convenience;;;Ртищево
node;12788455356;shop;Гроздь;46.0559911;51.6605786;Дубки;Центральная улица;7;Гроздь;Гроздь;supermarket;;;Дубки
node;12833855115;atm;;43.7865978;52.2569542;;;;Банк ВТБ (ПАО);;;;atm;Ртищево
node;12837628942;shop;;45.7615;51.23595;;;;;;convenience;;;Красноармейск
node;12848271496;shop;Магнит;46.0067568;51.6001226;;;;;Магнит;convenience;;;Саратов
node;12879002699;shop;Экономный;43.7640057;52.2458588;;;;;;convenience;;;Ртищево
node;12879003826;shop;Калина;43.7638974;52.245976;;;;;;convenience;;;Ртищево
node;12913017414;bank;Сбербанк;43.8836429;52.3325699;;;;;Сбербанк;;;bank;Ртищево
node;12964133413;shop;;46.14022;51.5749221;;;;;;convenience;;;Энгельс
node;12979965044;shop;;45.7046415;51.6095935;;;;;;convenience;;;Татищево
node;13014824183;shop;;45.6244535;51.8132554;;;;;;convenience;;;Татищево
node;13014824200;shop;;45.7635686;51.6505185;;;;;;convenience;;;Татищево
node;13030881919;shop;;45.2187217;51.8326406;;;;;;convenience;;;Аткарск
node;13100867201;shop;Скидкино;47.8175644;52.0258376;;набережная Леонова;45А;;;convenience;;;Балаково
node;13142528668;atm;;46.0006645;51.54159;;;;АО «ТБанк»;Т-Банк;;;atm;Саратов
node;13142528669;shop;Спутник;46.0005915;51.541609;;;;"ООО ""Сар-ритейл""";;convenience;;;Саратов
node;13142528676;atm;;46.0012142;51.5408031;;;;ПАО Сбербанк;Сбербанк;;;atm;Саратов
node;13142528677;bank;Совкомбанк;46.0010847;51.5405974;;;;;Совкомбанк;;;bank;Саратов
node;13142528689;shop;Магнит;46.1148961;51.4971767;;;;;Магнит;supermarket;;;Энгельс
node;13142528696;shop;Фабрика качества;46.120556;51.4902282;;;;;Фабрика качества;convenience;;;Энгельс
node;13142528697;bank;Русский Стандарт;46.1204074;51.4903609;;;;;Русский Стандарт;;;bank;Энгельс
node;13142528699;atm;;46.1173966;51.5032327;;;;Банк ВТБ (ПАО);ВТБ;;;atm;Энгельс
node;13142528700;bank;ВТБ;46.1173749;51.503188;;;;;ВТБ;;;bank;Энгельс
node;13142579601;shop;Фабрика качества;46.1174416;51.5032918;;;;;Фабрика качества;convenience;;;Энгельс
node;13142579603;bank;ВТБ;46.0253424;51.5358396;;;;;ВТБ;;;bank;Саратов
node;13142579611;shop;Магнит;46.0549355;51.5303849;;;;"АО ""Тандер""";Магнит;supermarket;;;Саратов
node;13142579615;shop;Избушка;46.0593851;51.5316705;;;;;;convenience;;;Саратов
node;13142579621;shop;Пятёрочка;46.059715;51.532564;;;;;Пятёрочка;supermarket;;;Саратов
node;13142579640;service;Камея;45.9722185;51.5414166;;;;;;hairdresser;;;Саратов
node;13142579646;shop;;45.9777631;51.5392117;;;;;;convenience;;;Саратов
node;13142579647;service;Подружки;45.9810241;51.5376782;;;;;;hairdresser;;;Саратов
node;13142579649;service;Релакс;45.9824596;51.5373051;;;;;;hairdresser;;;Саратов
node;13142579659;service;Инная студия;45.9843938;51.5340752;;;;;;beauty;;;Саратов
node;13142579661;service;Блик;45.9846984;51.5321713;;;;;;beauty;;;Саратов
node;13142579664;service;Barber clan;45.9843864;51.531469;;;;;;hairdresser;;;Саратов
node;13142579670;shop;Пятёрочка;45.9869269;51.5297053;;;;"ООО ""Агроторг""";Пятёрочка;supermarket;;;Саратов
node;13142579671;shop;;45.9877205;51.527072;;;;;;convenience;;;Саратов
node;13142579672;shop;Магнит у дома;45.9949503;51.5248562;;;;"АО ""Тандер""";Магнит у дома;supermarket;;;Саратов
node;13142579677;shop;Ням-ням;45.9978037;51.5235012;;;;;;convenience;;;Саратов
node;13142579695;shop;Пятёрочка;46.011168;51.5258843;;;;;Пятёрочка;supermarket;;;Саратов
node;13142579707;service;Профистрижка;46.0184586;51.5376413;;;;;;hairdresser;;;Саратов
node;13142579716;atm;;46.0233062;51.5359865;;;;Банк ВТБ (ПАО);ВТБ;;;atm;Саратов
node;13142579732;service;Экспресс стрижка;46.0225819;51.5327223;;;;;;hairdresser;;;Саратов
node;13142579737;shop;Пятёрочка;45.9707592;51.542826;;;;"ООО ""Агроторг""";Пятёрочка;supermarket;;;Саратов
node;13142579741;shop;Пятёрочка;46.0436633;51.5284324;;;;;Пятёрочка;supermarket;;;Саратов
node;13142579755;shop;Чижик;46.0320971;51.5232928;;;;;Чижик;supermarket;;;Саратов
node;13142579756;service;Лимончик;46.0087462;51.5153223;;;;;;beauty;;;Саратов
node;13142579765;service;Рельсы-рельсы шпалы-шпалы;46.0357792;51.5269364;;;;;;massage;;;Саратов
node;13142579770;shop;Магнит;46.0317206;51.5303574;;;;"АО ""Тандер""";Магнит;supermarket;;;Саратов
node;13142579772;shop;Спутник;46.0295826;51.5309061;;;;"ООО ""Сар-ритейл""";;supermarket;;;Саратов
node;13142579774;bank;Агрос;46.0107152;51.5169271;;;;"АО ""Банк ""Агророс""";;;;bank;Саратов
node;13142579795;shop;Пятёрочка;46.0120221;51.5413661;;;;;Пятёрочка;supermarket;;;Саратов
node;13142579801;service;Зазеркалье;46.1151949;51.4975719;;;;;;hairdresser;;;Энгельс
node;13142579802;shop;Пятёрочка;46.1181041;51.5008873;;;;;Пятёрочка;supermarket;;;Энгельс
node;13147916340;shop;Булочная;45.977814;51.5723602;;;;;;convenience;;;Саратов
node;13175137388;shop;Сокурские хлеба;45.9790398;51.5676168;;;;;;convenience;;;Саратов
node;13229913341;atm;;46.0186255;51.5373235;;;;"ПАО ""МТС-Банк""";МТС Банк;;;atm;Саратов
node;13256146989;shop;Чижик;45.9908255;51.5613016;;;;;Чижик;supermarket;;;Саратов
node;13256146991;service;Асоль;45.993627;51.560335;;;;;;hairdresser;;;Саратов
node;13261546031;service;Nails lab64;46.016626;51.5424486;;;;;;beauty;;;Саратов
node;13277375927;shop;Чижик;45.9789731;51.5682873;;;;;Чижик;supermarket;;;Саратов
node;13279684581;shop;Чижик;47.8000307;51.9973567;Балаково;улица Шевченко;112;;Чижик;supermarket;;;Балаково
node;13279684582;shop;Продуктовый магазин;47.8090003;51.9896365;Балаково;Привокзальная улица;6;;;convenience;;;Балаково
node;13347824851;shop;Пятёрочка;45.9828224;51.5630909;;;;;Пятёрочка;supermarket;;;Саратов
node;13382063653;shop;Пятёрочка;46.0140704;51.611901;;;;;Пятёрочка;supermarket;;;Саратов
node;13388092626;shop;Магнит;46.0134404;51.6119711;;;;;Магнит;supermarket;;;Саратов
node;13401243526;shop;Пятёрочка;46.0769096;51.4464833;;;;;;supermarket;;;Энгельс
node;13401243527;shop;Магнит;46.0764134;51.4461507;;;;;;supermarket;;;Энгельс
node;13414008895;shop;Магнит;46.0216606;51.6005313;;;;;Магнит;supermarket;;;Саратов
node;13414008896;shop;Пятёрочка;46.0205587;51.6008057;;;;;Пятёрочка;supermarket;;;Саратов
node;13428123261;shop;Магнит;46.0105728;51.6064088;;;;;Магнит;supermarket;;;Саратов
node;13428123262;shop;Пятёрочка;46.0118883;51.6063696;;;;;Пятёрочка;supermarket;;;Саратов
node;13434695301;shop;Пятёрочка;45.9696162;51.5955291;;;;;;convenience;;;Саратов
node;13444795722;shop;Магнит;46.0165957;51.603274;;;;;Магнит;supermarket;;;Саратов
node;13459638050;shop;;46.0254874;51.5744803;;;;;;convenience;;;Саратов
node;13459716616;shop;Магнит;46.0361879;51.5552005;;;;;Магнит;supermarket;;;Саратов
node;13459827850;shop;Светофор;45.9052039;51.6076986;;Московское шоссе;61А с1;;Светофор;supermarket;;;Саратов
node;13459827859;shop;;45.9716478;51.6174568;;;;;;convenience;;;Саратов
node;13459827860;shop;;45.9742765;51.6173824;;;;;;convenience;;;Саратов
node;13460878599;shop;Пятёрочка;46.0181939;51.6032314;;;;;Пятёрочка;supermarket;;;Саратов
node;13504835324;shop;Пятёрочка;47.8068442;52.0162091;;;;;Пятёрочка;supermarket;;;Балаково
node;13506217201;atm;;46.1428854;51.4632488;;проспект Химиков;1;Тинькофф;;;;atm;Энгельс
node;13506238079;shop;Продсклад Победа;48.109627;52.4968421;;;;;;convenience;;;Хвалынск
node;13506238088;shop;Продсклад Победа;44.9944425;51.8696086;;;;;;convenience;;;Аткарск
node;13521110640;shop;Продукты;45.9744361;51.614782;;;;;;convenience;;;Саратов
node;13521110717;shop;Магнит;45.9730817;51.6148939;;;;;Магнит;supermarket;;;Саратов
node;13535814401;atm;;46.1429001;51.463205;;проспект Химиков;1;Сбербанк;;;;atm;Энгельс
node;13536496519;shop;Пятёрочка;46.0077681;51.6069069;;;;;Пятёрочка;supermarket;;;Саратов
node;13536606862;shop;Пятёрочка;45.9533941;51.5033104;;;;;Пятёрочка;supermarket;;;Саратов
node;13536778796;shop;Магнит;45.9584025;51.5024456;Саратов;улица Орджоникидзе;12В;;Магнит;supermarket;;;Саратов
node;13536823626;shop;Чижик;45.9514938;51.5055178;;;;;Чижик;supermarket;;;Саратов
node;13536823629;service;Экzo стрижка;45.9513345;51.5056235;;;;;;hairdresser;;;Саратов
node;13536823631;bank;Газпромбанк;45.9513089;51.5056557;;;;;Газпромбанк;;;bank;Саратов
node;13536842968;shop;Ашан;45.9452935;51.501793;;;;;Ашан;supermarket;;;Саратов
node;13536842970;atm;;45.9446272;51.5016945;;;;;Т-Банк;;;atm;Саратов
node;13536842971;atm;;45.9447108;51.501658;;;;Совкомбанк;Совкомбанк;;;atm;Саратов
node;13536842972;atm;;45.9447582;51.5016271;;;;Альфа-Банк;Альфа-Банк;;;atm;Саратов
node;13536842973;atm;;45.944835;51.5015891;;;;Сбербанк;Сбербанк;;;atm;Саратов
node;13536842984;atm;;45.9442726;51.5012784;;;;Сбербанк;Сбербанк;;;atm;Саратов
node;13536842994;atm;;45.942712;51.5006738;;;;;Т-Банк;;;atm;Саратов
node;13537359236;atm;;45.9759131;51.5099189;;;;Сбербанк;Сбербанк;;;atm;Саратов
node;13537359257;shop;Лента;45.9777613;51.51091;;;;;Лента;supermarket;;;Саратов
node;13537359269;service;Чудо стрижка;45.9778728;51.5101066;;;;;;hairdresser;;;Саратов
node;13601136448;shop;Красное&Белое;46.0042039;51.6127814;;;;;Красное&Белое;convenience;;;Саратов
node;13668393205;shop;Чижик;46.2318554;51.5139398;;;;;;supermarket;;;Энгельс
node;13668393206;shop;Красное и Белое;46.2309842;51.5136761;;;;;;supermarket;;;Энгельс
node;13668398314;shop;Магнит;46.1594325;51.5045716;;Пристанская улица;85;;;supermarket;;;Энгельс
node;13668402712;shop;Глория;46.2204181;51.5149416;;;;;;supermarket;;;Энгельс
node;13668402713;shop;Ozon;46.2201576;51.5149962;;;;;;supermarket;;;Энгельс
node;13668402714;shop;Wildbirres;46.2201618;51.5149654;;;;;;supermarket;;;Энгельс
node;13668402732;shop;Чижик;46.1661532;51.5020664;Энгельс;Студенческая улица;95;;;supermarket;;;Энгельс
node;13687882001;shop;Пятёрочка;46.0209625;51.5573154;;;;;;convenience;;;Саратов
node;13687882002;shop;Красное и Белое;46.0238688;51.5573926;;1-й Магнитный проезд;8 к2;;;convenience;;;Саратов
node;13707856046;shop;"""Продукты""";45.9696874;51.5150945;;;;;;convenience;;;Саратов
node;13825641781;shop;Ряба;43.8031715;52.2621666;;;;;;convenience;;;Ртищево
node;13947564824;service;Ana&Lina;47.812036;52.0145729;;;;;;beauty;;;Балаково
node;13962105427;shop;;43.7117995;51.7289505;Новосельское;улица Мира;;;;convenience;;;Новосельское
node;13968543201;shop;;45.2000219;52.3023738;;;;;;convenience;;;Петровск
node;13970327001;shop;Магнит;45.9204255;51.4747825;;улица Азина;22Б;;;supermarket;;;Саратов
node;13988716402;shop;Пятёрочка;43.1871836;51.5918353;;;;;;supermarket;;;Балашов
node;13990721305;shop;"Магнит ""Моя цена""";45.8886679;51.5785849;;1-й Мало-Поливановский тупик;8;;;supermarket;;;Саратов
node;14009844923;shop;Магнит;45.9475552;51.4957992;;;;;Магнит;convenience;;;Саратов
node;14009844925;shop;Красное&Белое;45.9477847;51.4959559;;;;;Красное&Белое;convenience;;;Саратов
node;14028560198;shop;Магнит;46.152674;51.6026716;;;;"АО ""Тандер""";Магнит;supermarket;;;Энгельс
node;14028560199;shop;Пятёрочка;46.1529073;51.6027549;;;;;Пятёрочка;supermarket;;;Энгельс
node;14028560209;service;;46.1523494;51.6026191;;;;;;hairdresser;;;Энгельс
node;14070431131;service;Селена;45.9806989;51.5679215;;;;;;hairdresser;;;Саратов
node;14098707137;service;Шеффлера;45.9870489;51.5656691;;;;;;hairdresser;;;Саратов
node;14112867546;shop;Восход;45.1817688;51.9911009;;;;;;convenience;;;Аткарск
node;14123653801;service;New;45.9689126;51.5901459;;Гусельская улица;4;;;hairdresser;;;Саратов
node;14128937201;shop;Пятёрочка;46.1112475;51.4712578;;2-й микрорайон;28;;;convenience;;;Энгельс
node;14128937202;shop;Магнит;46.119614;51.4744181;;проспект Фридриха Энгельса;95А;;;supermarket;;;Энгельс
node;14128942001;shop;Пятёрочка;46.1111819;51.4712316;;2-й микрорайон;28;;;supermarket;;;Энгельс
node;14201892683;shop;Пятёрочка;45.9998896;51.5346771;;;;;Пятёрочка;supermarket;;;Саратов
node;14231678669;shop;Пятёрочка;46.1286736;51.5843799;;;;;;supermarket;;;Саратов
way;51711055;shop;Интек;47.790312560000004;52.005004340000006;;улица Комарова;135/3;;;supermarket;;;Балаково
way;51711221;shop;Магнит;47.8338763;52.0100516;;Саратовское шоссе;58;;Магнит;supermarket;;;Балаково
way;57948488;shop;Магнит;47.7831683375;52.007189575;;;;;Магнит;supermarket;;;Балаково
way;77770093;industry;ОАО Завод АЦИ;47.48099175555555;52.08091017777778;;;;;;;cement;;Вольск
way;78164625;shop;Гроздь штаны;47.38035522;52.04719176;;;;;;supermarket;;;Вольск
way;78337346;shop;;45.952527939999996;51.504936900000004;;;;;;convenience;;;Саратов
way;86581271;shop;Магнит;45.997242619999994;51.611323459999994;;улица Уфимцева;6А;ПАО «Магнит»;Магнит;convenience;;;Саратов
way;87324065;shop;ТД Домашний;45.99351646666667;51.523827177777775;;Астраханская улица;22/36А;;;convenience;;;Саратов
way;89586368;shop;Рада;45.93816101666667;51.508493183333336;;;;;;convenience;;;Саратов
way;90335183;shop;Магнит;45.97681468;51.52510078;Саратов;улица Клочкова;18;;Магнит;convenience;;;Саратов
way;91174852;shop;Гроздь;45.968120774999996;51.52854249999999;;улица Клочкова;68;;;supermarket;;;Саратов
way;92404915;shop;Магнит;45.891229433333336;51.48016857777778;;Парковая улица;42А;;;supermarket;;;Саратов
way;92404920;shop;Магнит;45.90219642;51.47742115999999;;Тульская улица;25А;;;supermarket;;;Саратов
way;92932490;shop;Жёлтый;45.900057385714284;51.47468621428572;;1-й Тульский проезд;10;;;supermarket;;;Саратов
way;93024476;shop;Продукты;45.938238160000004;51.58644686;;;;;;convenience;;;Саратов
way;93526959;shop;Гроздь;45.904593642857144;51.596836242857144;;улица Благодарова;2А;;;convenience;;;Саратов
way;95124913;shop;Магазин Развитие;45.59222438;51.672498399999995;;улица Крупской;19;;;convenience;;;Татищево
way;95125131;shop;Магазин;45.59367836;51.670574;;улица Чапаева;40;;;supermarket;;;Татищево
way;97592882;shop;Продукты;46.108621119999995;51.58017304;;улица с/х ЦДК;5А;;;convenience;;;Саратов
way;98459075;industry;;43.22355653333333;51.56370141666667;;;;;;;gas;;Балашов
way;102166820;shop;Магнит;45.97242931666667;51.601546266666666;;Производственная улица;44;;;supermarket;;;Саратов
way;102856977;shop;;46.03133798;51.549314700000004;;улица Чапаева;194А;;;convenience;;;Саратов
way;103132380;shop;;46.027386660000005;51.54292986;;улица Чапаева;136;;;convenience;;;Саратов
way;103290020;shop;Фасоль;45.9654009;51.512942020000004;;Новоастраханская улица;37/43Б;;;convenience;;;Саратов
way;103411446;shop;Магнит;45.941458499999996;51.49901512;;Пензенская улица;37;;;supermarket;;;Саратов
way;103411652;shop;Семейный;45.94544088181818;51.49573465454546;;Томская улица;18;;;supermarket;;;Саратов
way;105339758;shop;;45.62220052;51.675564740000006;;;;;;convenience;;;Татищево
way;105970167;industry;"ПЭМЗ ""Молот""";45.38313098571428;52.2980111;;улица Гоголя;40;;;;factory;;Петровск
way;105970178;industry;"Петровский завод автозапчастей ""АМО ЗИЛ""";45.393091749999996;52.29845958333333;;улица Братьев Костериных;74;;;;factory;;Петровск
way;107696361;shop;Смешные цены;46.12593546470588;51.50030185294118;;площадь Свободы;3В;;;supermarket;;;Энгельс
way;107773077;shop;Родник;46.16845604444445;51.497081655555554;;;;;;convenience;;;Энгельс
way;107773079;shop;;46.1689813875;51.495236812499996;;;;;;supermarket;;;Энгельс
way;107776261;shop;;46.16282904285714;51.49222924285714;;улица Колотилова;30А;;;supermarket;;;Энгельс
way;108072241;shop;Магнит;46.149357200000004;51.47237356000001;;улица Ломоносова;31;;;supermarket;;;Энгельс
way;108226485;shop;Магнит;46.1347194;51.470819340000006;;проспект Строителей;19А;;;supermarket;;;Энгельс
way;108404619;shop;Семейный;45.97732896;51.60600072;;улица Лебедева-Кумача;70Е;;Семейный;supermarket;;;Саратов
way;108557844;shop;;46.11799508571429;51.498443771428576;;улица Льва Кассиля;6;;;supermarket;;;Энгельс
way;108714958;shop;Тополек;46.168395466666674;51.50220675;;Студенческая улица;;;;convenience;;;Энгельс
way;110563556;shop;Магнит;48.576300939999996;50.1436827;;улица Красного бойца;24;;;supermarket;;;Александров Гай
way;111585682;shop;Победа;46.1433422;51.4757372;;Полтавская улица;42Б;;;convenience;;;Энгельс
way;111801507;shop;;47.83385814444445;52.025423044444445;;Трнавская улица;32/1;;;supermarket;;;Балаково
way;111801510;shop;;47.835348339999996;52.027590239999995;;Трнавская улица;61А;;;convenience;;;Балаково
way;112896809;shop;Гулливер;47.83022477058824;52.01740219411765;;Степная улица;26/1;;;supermarket;;;Балаково
way;112896822;shop;;47.83235205555556;52.01839795555556;;Степная улица;30;;;convenience;;;Балаково
way;112896840;shop;Милена;47.82683772;52.016505540000004;;Степная улица;3/3;;;supermarket;;;Балаково
way;113559150;shop;Победа;47.84181078;52.02338188;Балаково;Степная улица;33;;;convenience;;;Балаково
way;113578719;shop;Гулливер;47.84230207142857;52.02233751428571;;Степная улица;86/1;;Гулливер;supermarket;;;Балаково
way;113818752;service;Летуаль;46.12213698;51.49021345999999;;улица Маяковского;10А;;;beauty;;;Энгельс
way;113951441;shop;Магнит;47.821762150000005;52.016467866666666;;;;;Магнит;supermarket;;;Балаково
way;113951445;shop;Гроздь;47.82283264285714;52.01666447142857;;улица 30 лет Победы;25А;;;convenience;;;Балаково
way;114821332;shop;Пятый элемент;47.781761972727274;52.01117041818181;Балаково;улица Менделеева;3/1;;;supermarket;;;Балаково
way;118344786;shop;Гроздь;47.77399342;52.03618736;;улица Свердлова;23А;;;supermarket;;;Балаково
way;118495429;shop;Магнит;47.777958733333335;52.03611563333333;Балаково;улица 20 лет ВЛКСМ;56/1;;Магнит;supermarket;;;Балаково
way;118608765;shop;Олимп;47.77671946666666;52.034194766666666;;улица 20 лет ВЛКСМ;54/1;;;convenience;;;Балаково
way;119648197;shop;;46.12712361111111;51.39143881111111;;проспект Шехурдина;;;;supermarket;;;Энгельс
way;119774592;industry;"МУП ""Энгельсэлектротранс""";46.09647362;51.494747105;;;;;;;depot;;Энгельс
way;119777945;shop;Универмаг на повороте;46.035959133333336;51.391295766666666;;;;;;convenience;;;Энгельс
way;119994674;shop;;46.03587944;51.39845233999999;;улица Гагарина;3;;;convenience;;;Энгельс
way;120108186;shop;Дружба;46.03943061818182;51.40774791818182;;улица Гагарина;78;;;supermarket;;;Энгельс
way;120111388;shop;Магазин №38;46.09186358;51.495131019999995;;Лесозаводская улица;32Б;;;convenience;;;Энгельс
way;121091813;shop;;45.693210640000004;51.656602940000006;;;;;;supermarket;;;Татищево
way;121610308;shop;Минимаркет;45.89186568;51.48081764;;Химическая улица;9А;;;convenience;;;Саратов
way;122052602;shop;Лента;46.10447573157895;51.58230593684211;;Молодёжная улица;2;"ООО ""Лента""";Лента;supermarket;;;Саратов
way;126794496;shop;;45.717905280000004;51.496261679999996;;Центральная улица;13;;;convenience;;;Татищево
way;126794514;shop;Пятёрочка;45.7173418;51.4961757;;Центральная улица;14;;Пятёрочка;supermarket;;;Татищево
way;127598608;shop;Магнит;45.983375914285716;51.52664898571429;;1-я Беговая улица;6/12;;;supermarket;;;Саратов
way;129246709;shop;;45.98819538;51.529040140000006;;;;;;convenience;;;Саратов
way;133815312;shop;Гроздь;47.37370542307693;52.064648738461536;Вольск;Волгоградская улица;46;;;supermarket;;;Вольск
way;133868594;shop;Магазин;45.594749471428564;51.66833178571428;;Советская улица;1;;;supermarket;;;Татищево
way;134452922;shop;Магнит;45.987097942105265;51.60069233157895;;улица Академика Антонова;14Б;;Магнит;supermarket;;;Саратов
way;136441325;shop;;46.100962125;51.454687675;;;;;;supermarket;;;Энгельс
way;137119979;shop;Магазин;46.223641314285715;51.37626015714285;посёлок имени Карла Маркса;Советская улица;12/1;;;supermarket;;;посёлок имени Карла Маркса
way;137927388;bank;Банк Уралсиб;47.390443700000006;52.044202059999996;;Революционная улица;38;;;;;bank;Вольск
way;137935639;shop;Торговый дом;47.384187000000004;52.04680802;;Красногвардейская улица;33;;;supermarket;;;Вольск
way;138152675;shop;Глория;46.158035371428575;51.48304962857143;;улица Энгельс-1;79А;;;convenience;;;Энгельс
way;138630111;shop;Трнава;47.82435024;52.02189166000001;;Трнавская улица;11/1;;;convenience;;;Балаково
way;140489417;shop;;46.14783725;51.48709961666666;;Смоленская улица;17А;;;convenience;;;Энгельс
way;146275371;industry;ОАО Вольскцемент (Holcim);47.44081130483871;52.048825091935484;;;;;;;cement;;Вольск
way;147249033;bank;Сбербанк;43.14519312;51.5540488;;улица Володарского;39;ПАО Сбербанк;Сбербанк;;;bank;Балашов
way;147249148;bank;;43.14862918;51.54624846;;улица Карла Маркса;63;;;;;bank;Балашов
way;147397669;bank;Экономбанк;43.14093924;51.549183979999995;;;;;;;;bank;Балашов
way;148177263;shop;ФЕНИКС;42.96823332;51.503637520000005;Старый Хопёр;Советская улица;56;;;convenience;;;Старый Хопёр
way;148177264;shop;СТРАРОХОПЕРСКИЙ;42.967764120000005;51.50381678;Старый Хопёр;Советская улица;58;;;convenience;;;Старый Хопёр
way;149180151;shop;Гроздь;46.07328355714286;51.57477754285714;;Фёдоровская улица;2/15;;Гроздь;supermarket;;;Саратов
way;149210109;shop;Магнит;45.94669632;51.49528188000001;;Пензенская улица;29Б;;Магнит;supermarket;;;Саратов
way;149416855;shop;;46.003678071428574;51.570196714285714;;улица Навашина;34А;;;convenience;;;Саратов
way;149913221;shop;;46.017320100000006;51.55107748333333;;улица Танкистов;37;;;supermarket;;;Саратов
way;149937611;shop;;46.033291680000005;51.52342484;;улица Чернышевского;153/1;;;convenience;;;Саратов
way;151095341;shop;Стрелец;45.677887;51.017691279999994;;улица Калинина;22;;;convenience;;;Красноармейск
way;151231819;shop;Магнит;46.006506571428574;51.57065492857142;;;;;Магнит;supermarket;;;Саратов
way;151333066;shop;магазин 39;45.6852554;51.01880308;;улица Красная Звезда;2А;;;convenience;;;Красноармейск
way;151701983;industry;;45.998232693333335;51.53423303333333;;;;СТАММ;;;warehouse;;Саратов
way;154193448;shop;Магнит;45.703741642857146;51.00996632857142;;;35;;;supermarket;;;Красноармейск
way;157581936;shop;На Весёлой;46.04592152;51.4252752;;Весёлая улица;7;;;convenience;;;Энгельс
way;157913158;shop;Гроздь;43.214561079999996;51.55046086;;;;;Гроздь;convenience;;;Балашов
way;160309528;shop;;45.94947104285715;51.50829005714286;;Ново-Астраханское шоссе;65А;;;convenience;;;Саратов
way;165349050;shop;Пятёрочка;46.02484627;51.52861789999999;;Советская улица;20/28;;;supermarket;;;Саратов
way;165844409;shop;1000 Электронных Мелочей;45.9273365625;51.5884143875;;Гвардейская улица;17А;;;convenience;;;Саратов
way;165879623;shop;;45.903911666666666;51.596577877777776;;;;;;convenience;;;Саратов
way;166571575;shop;Лето;46.08937742;51.4529167;;улица Мира;20А;;;convenience;;;Энгельс
way;173945915;bank;Сбербанк;48.26945343333333;51.35055785;Ершов;Интернациональная улица;21;ПАО Сбербанк;Сбербанк;;;bank;Ершов
way;174075594;shop;Гроздь;48.27748871428572;51.351717542857145;Ершов;Московская улица;63;;;supermarket;;;Ершов
way;174075596;shop;Гроздь;48.2740644375;51.350727400000004;Ершов;Интернациональная улица;57/1;;;supermarket;;;Ершов
way;174814846;shop;Магнит;48.28123268;51.35183188;Ершов;улица Чапаева;14/16;"АО ""Тандер""";Магнит;supermarket;;;Ершов
way;176638103;shop;Гроздь;45.925939;51.59882165;;Московское шоссе;26;;;supermarket;;;Саратов
way;178144066;shop;;43.80437456;52.250475019999996;;Красная улица;49;;;convenience;;;Ртищево
way;178445850;shop;Пятёрочка;43.79709598;52.252397040000005;Ртищево;Красная улица;56;;Пятёрочка;supermarket;;;Ртищево
way;178595450;shop;Магнит;43.7774497;52.25347145;Ртищево;Советская улица;21;;Магнит;convenience;;;Ртищево
way;178849384;shop;;44.21691096;51.70737138;;;;;;convenience;;;Калининск
way;178849385;shop;;44.27202062;51.74191922;;;;;;convenience;;;прочие населённые пункты
way;179486148;shop;Продукты;45.9374073;51.50225857272728;;;;;;convenience;;;Саратов
way;180315969;shop;Пятёрочка;45.880795846153845;51.57284597692308;;Мостовая улица;35А;;Пятёрочка;supermarket;;;Саратов
way;181365937;shop;Универсам Магнит;46.40801294;52.280546089999994;;улица Ленина;114А;;;supermarket;;;прочие населённые пункты
way;183704281;shop;"""По пути""";43.76431758;52.25862568;Ртищево;улица 50 лет Октября;83;;;convenience;;;Ртищево
way;183967957;shop;Чародейка;43.774187014285715;52.25095831428571;Ртищево;Советская улица;32А;;;convenience;;;Ртищево
way;183969612;bank;ЭкономБанк;43.77792986923077;52.255552207692304;Ртищево;Советская улица;18;;;;;bank;Ртищево
way;184966859;service;;46.0785686;52.12715146000001;;;;;;hairdresser;;;прочие населённые пункты
way;187825476;shop;;45.84524938;51.446061480000004;;;;;;convenience;;food_court;Саратов
way;187825481;shop;;45.83471047142857;51.44709947142858;;;;;;convenience;;;Саратов
way;187916243;bank;Сбербанк;46.0765535;52.130860819999995;;улица Баумана;41;;Сбербанк;;;bank;прочие населённые пункты
way;188318371;shop;Любимый;43.771106259999996;52.24747234;;Советская улица;78А;;;convenience;;;Ртищево
way;188586947;shop;;43.758443740000004;52.24964351999999;;улица Зои Космодемьянской;18;;;convenience;;;Ртищево
way;190544272;shop;Доброцен;43.761872128571426;52.26711157142857;;улица Алексея Громова;130;;;supermarket;;;Ртищево
way;190557367;shop;Пятёрочка;43.77320822;52.26819106000001;Ртищево;улица Рябова;132;;Пятёрочка;supermarket;;;Ртищево
way;191669661;shop;"""Надежда""";48.5867001;50.14534678333333;;;;;;convenience;;;Александров Гай
way;192597441;shop;Магнит;45.98333208571429;51.537955857142855;;;;;;supermarket;;;Саратов
way;192597480;shop;Магазин;45.98273794;51.53782692;Саратов;Шелковичная улица;128А;;;convenience;;;Саратов
way;194214807;shop;;44.23679294;51.30709144;;;;;;convenience;;;Калининск
way;195530777;shop;;46.00513282;51.51882278000001;;2-я Садовая улица;11;;;convenience;;;Саратов
way;195579802;bank;Сбербанк;43.497574480000004;51.939758919999996;Аркадак;улица Ленина;75;;Сбербанк;;;bank;Аркадак
way;197068759;shop;Затон;46.07801766;51.53748388;;;551;;;convenience;;;Саратов
way;201257409;shop;;46.000111860000004;51.5526879;;Тракторная улица;17/29А;;;convenience;;;Саратов
way;209514664;shop;;47.77256091666666;52.01843458333334;;;;;;convenience;;;Балаково
way;209514691;shop;;47.77270542857143;52.01812912857143;;;;;;convenience;;;Балаково
way;218436590;shop;Дарья;43.74814854;52.22552838;Шило-Голицыно;Заречная улица;;;;convenience;;;Шило-Голицыно
way;224776307;shop;;48.58719036;50.14558948;;Дорожный проезд;9;;;convenience;;;Александров Гай
way;225713244;shop;;45.691396940000004;51.39211709999999;муниципальное образование Саратов, посёлок Ивановский;Центральная улица;14;;;convenience;;;муниципальное образование Саратов, посёлок Ивановский
way;225926020;shop;Магнит;46.12260526;51.49430417999999;;;;;Магнит;supermarket;;;Энгельс
way;226046884;shop;;46.1297627;51.478004420000005;;;;;;convenience;;;Энгельс
way;226047805;shop;;46.14019082;51.47497752;;;;;;convenience;;;Энгельс
way;226056174;shop;;46.11894216;51.471349520000004;;;;;;convenience;;;Энгельс
way;226241170;shop;Продукты;45.91629938;51.472540460000005;;;;;;convenience;;;Саратов
way;227090838;shop;;48.19412968571429;50.01321267142857;;;;;;convenience;;;прочие населённые пункты
way;227095015;shop;;46.13753018;51.48041058;;;;;;convenience;;;Энгельс
way;227098091;shop;магнит;46.14336324;51.46965088;;;;;;supermarket;;;Энгельс
way;227648752;shop;НИКА;46.04276564;51.54203614000001;;улица Радищева;107Б;;;convenience;;;Саратов
way;227769336;shop;Мечта;46.62573414;52.466866440000004;;;;;;supermarket;;;прочие населённые пункты
way;227769343;shop;;46.62453608;52.467132760000005;;;;;;convenience;;;прочие населённые пункты
way;227769347;shop;Магнит;46.62598612857143;52.46746014285714;;;;;Магнит;supermarket;;;прочие населённые пункты
way;227769364;bank;Сбербанк;46.62653616;52.46703594;;;;;Сбербанк;;;bank;прочие населённые пункты
way;229049496;shop;Глория;45.93987492;51.5006862;;проспект Энтузиастов;34/40А;;;convenience;;;Саратов
way;231541286;shop;;45.32776543999999;52.18178658000001;;улица 70 лет Октября;66;;;convenience;;;Петровск
way;231749638;shop;;45.52433524;50.9647488;;;;;;convenience;;;Красноармейск
way;232817117;shop;На 7 ветрах;48.7773823;52.009610640000005;;;;;;convenience;;;Пугачёв
way;236012107;shop;;46.34614798;51.96105328;;;;;;convenience;;;прочие населённые пункты
way;236178841;bank;Сбербанк;46.93402454;51.82240124;;улица 40 лет Октября;33;;Сбербанк;;;bank;Воскресенское
way;236180598;shop;Никос;46.92729166;51.825393059999996;;улица Мира;1Б;;;convenience;;;Воскресенское
way;236186958;shop;Янис;46.696188740000004;51.74443255999999;;;;;;convenience;;;Маркс
way;238777767;shop;Гроздь;46.0406725;51.54406565;;Мясницкая улица;65/71;;;convenience;;;Саратов
way;239277897;shop;Магнит;46.12397294;51.484486079999996;;;;;;supermarket;;;Энгельс
way;241515147;shop;Магнит;45.895173299999996;51.57140574;Саратов;1-й Елшанский тупик;10/5;;Магнит;convenience;;;Саратов
way;242158115;shop;Магнит;45.39213128;52.31544322;;Московская улица;92;;;supermarket;;;Петровск
way;242158117;bank;Сбербанк;45.38900052;52.30918354000001;Петровск;улица Льва Толстого;;;Сбербанк;;;bank;Петровск
way;248630658;shop;;46.62769624;52.46648484;;улица Чапаева;146;;;convenience;;;прочие населённые пункты
way;248630662;shop;;46.62791642;52.466521639999996;;;;;;convenience;;;прочие населённые пункты
way;248632232;shop;;46.62493126;52.46645428000001;;;;;;convenience;;;прочие населённые пункты
way;251454911;bank;Сбербанк;43.149957640000004;51.549192059999996;;улица Гагарина;59;ПАО Сбербанк;Сбербанк;;;bank;Балашов
way;260086406;shop;;45.9831039;51.612579800000006;;;;;;convenience;;;Саратов
way;260107060;shop;Гроздь;46.399682819999995;51.81502582;;;;;;supermarket;;;Маркс
way;260107061;shop;Магнит;46.39585473333333;51.81483838333333;;;;;;supermarket;;;Маркс
way;261426470;shop;Магазин;47.037961960000004;51.70367376;;;;;;convenience;;;Воскресенское
way;266389054;shop;Алёнушка;48.284194060000004;51.36286652;;;;;;convenience;;;Ершов
way;266415137;shop;Магнит;48.272949833333335;51.350697744444446;Ершов;Интернациональная улица;51;"АО ""Тандер""";Магнит;supermarket;;;Ершов
way;277711921;bank;Сбербанк;46.748359640000004;51.708032200000005;Маркс;проспект Ленина;46А;ПАО Сбербанк;Сбербанк;;;bank;Маркс
way;277712101;shop;Магнит;46.751014733333335;51.70094076666667;Маркс;5-я линия;55А;;;supermarket;;;Маркс
way;277724797;shop;Продукты;46.7908597;51.69442274000001;;;;;;convenience;;;Маркс
way;277749406;shop;Магнит;46.73685842;51.715295219999994;МАРКС;улица Кирова;52А;;;supermarket;;;МАРКС
way;277989472;bank;Сбербанк;46.84951794;51.37638312;Степное;улица 50 лет Победы;9;;Сбербанк;;;bank;Степное
way;280873973;shop;Магнит;46.75968322;51.706351559999995;;проспект Строителей;19Г;;;supermarket;;;Маркс
way;282184728;shop;;48.55360372;50.142497479999996;Александров Гай;улица Пристань;29;;;supermarket;;;Александров Гай
way;282210024;bank;Сбербанк;48.56855528;50.140355899999996;Александров Гай;Советская улица;13;;Сбербанк;;;bank;Александров Гай
way;282210102;industry;Компрессонрая станция Александров Гай;48.63459809354839;50.14241986451613;;;;;;;gas;;Александров Гай
way;282210122;industry;;48.65369398823529;50.140665500000004;;;;;;;flare_site;;Александров Гай
way;282881019;shop;;45.94434703846154;51.51670333076923;;7-й Нагорный проезд;41А;ООО Ирис Плюс;;convenience;;;Саратов
way;283343989;shop;Гроздь;47.800951892307694;51.997239699999994;;;;;;supermarket;;;Балаково
way;284447255;shop;;46.97196474444444;50.95008107777778;;Армейская улица;55/55А;;;supermarket;;;Красный Кут
way;285022149;shop;;48.53726531428571;51.776153914285715;;Шахтёрская улица;47;;;convenience;;;прочие населённые пункты
way;285136029;industry;Компрессонрая станция Мокроус;47.558914963333336;51.243777619999996;;;;"ООО ""Газпром трансгаз Саратов""";;;gas;;прочие населённые пункты
way;288090253;shop;Теремок;46.34402412;52.22944044;;;;;;convenience;;;прочие населённые пункты
way;288090254;shop;Туесок;46.33965442;52.22767414;;улица Ленина;32;;;convenience;;;прочие населённые пункты
way;288090256;shop;Шанс;46.34034862;52.227942399999996;;улица Ленина;28А;;;convenience;;;прочие населённые пункты
way;288105153;shop;Островок;46.34748184;52.23030142;;;;;;convenience;;;прочие населённые пункты
way;288203456;shop;Мечта;46.33852334;52.22716402;;улица Ленина;38;;;convenience;;;прочие населённые пункты
way;288529490;shop;Продукты;46.286450880000004;52.142887359999996;;;;;;convenience;;;прочие населённые пункты
way;288649652;shop;Семейный;46.34351798;52.22868294;;улица Ленина;11;;;supermarket;;;прочие населённые пункты
way;290793453;service;Арт-стиль;47.83187624;52.01927909999999;;Степная улица;17/1;;;hairdresser;;;Балаково
way;290825256;shop;;45.94113756;51.500633199999996;;проспект Энтузиастов;7;;Семейный;supermarket;;;Саратов
way;292793242;shop;;46.32329245;51.78867316666666;;;;;;convenience;;;прочие населённые пункты
way;293469291;shop;;46.34117204285714;51.790240485714286;;;;;;convenience;;;Маркс
way;293475668;shop;;45.87750376;51.38780882;;;;;;convenience;;;Саратов
way;293476618;shop;;45.899983299999995;51.40319873999999;;;;;;convenience;;;Саратов
way;295111739;bank;Россельхозбанк;46.039174939999995;51.53699114;;улица Радищева;65;"АО ""Россельхозбанк""";Россельхозбанк;;;bank;Саратов
way;295292492;shop;;46.32329738;51.78703022;;;;;;convenience;;;Маркс
way;295573366;shop;;48.13522964;50.426788599999995;;улица Хайкина;;;;convenience;;;Новоузенск
way;295573371;shop;;48.1345018;50.42554662857143;;улица Хайкина;4Б;;;convenience;;;Новоузенск
way;295652743;shop;;48.12827104;50.47002276;;Рабочая улица;2;;;convenience;;;Новоузенск
way;295652748;shop;;48.13271604285715;50.46487848571429;Новоузенск;Московская улица;46;;;supermarket;;;Новоузенск
way;295652757;bank;;48.13294982;50.46564726;;Московская улица;43;;;;;bank;Новоузенск
way;296957380;shop;;48.13281404;50.45902232;;Астраханская улица;17;;;convenience;;;Новоузенск
way;296957400;bank;;48.13332454444444;50.46138381111111;;Советская улица;8;;;;;bank;Новоузенск
way;297111737;shop;Берёзка;48.14798944;50.44548972;;улица Зелёный Клин;17;;;supermarket;;;Новоузенск
way;297111739;shop;Прага;48.14829522;50.44530154;;;12В;;;convenience;;;Новоузенск
way;297676382;shop;;46.05596536;51.660047680000005;;Центральная улица;5;Магнит;;supermarket;;;Саратов
way;297676919;shop;;46.05912485714286;51.66638208571429;;;;;;convenience;;;Саратов
way;298900767;shop;;48.148024580000005;50.44924312;;улица Трутнева;7;;;convenience;;;Новоузенск
way;299359068;shop;;48.14920252;50.466138;;Смоленская улица;;;;convenience;;;Новоузенск
way;299359070;shop;;48.15100832;50.46154964;;Целинная улица;39;;;convenience;;;Новоузенск
way;299359074;shop;;48.147190439999996;50.46002004;;Целинная улица;3А;;;convenience;;;Новоузенск
way;299359079;shop;;48.14813372;50.467011379999995;;Октябрьская улица;;;;convenience;;;Новоузенск
way;299472902;shop;;48.1345692;50.44372088;;Молодёжная улица;10;;;convenience;;;Новоузенск
way;302118338;shop;Продукты;45.91361008;51.60521446;;Московское шоссе;37;;;convenience;;;Саратов
way;303726033;shop;;45.48506848;50.78522208;Первомайское;Мостовая улица;21;;;convenience;;;Первомайское
way;304319693;shop;;46.20410994;51.69531542;;улица Ленина;59А;;;convenience;;;Саратов
way;304819041;shop;;45.98365092;51.569249160000005;;;;;;convenience;;;Саратов
way;304873285;shop;Гроздь;46.00283281111111;51.607146533333335;;улица Чехова;8/2;;Гроздь;supermarket;;;Саратов
way;304978536;shop;;45.9846673;51.58666949999999;;;;;;convenience;;;Саратов
way;304978562;shop;Гроздь;45.96625735;51.57938703333334;;;;;Гроздь;supermarket;;;Саратов
way;305089295;shop;BierHaus;45.959330120000004;51.59077028;;;;;;convenience;;;Саратов
way;305089347;shop;Армавир;45.95375276;51.59509606;;2-я Прокатная улица;23В;;;convenience;;;Саратов
way;305089421;shop;К&Б;45.9629891;51.59387986;;4-я Прокатная улица;19А;;;convenience;;;Саратов
way;306097189;industry;КС Новопетровская;45.42194338181818;52.25797683636363;;;;"ООО ""Газпром трансгаз Саратов""";;;gas;;Петровск
way;306097190;industry;КЦ-4;45.420179841379316;52.26079645517241;;;;;;;gas;;Петровск
way;306104677;industry;КС Петровск;45.40738348666667;52.27185153333333;;;;ООО «Газпром трансгаз Саратов»;;;gas;;Петровск
way;306106527;industry;КЦ-1 КС Екатериновка;44.325020345;51.95897962;;;;;;;gas;;прочие населённые пункты
way;306109295;industry;"КС ""Балашов""";43.14099206;51.44418829999999;;;;"ООО ""Газпром трансгаз Саратов""";;;gas;;Балашов
way;306437469;industry;Компрессонрая станция Приволжская;46.432711378571426;51.84452739285714;;;;"ООО ""Газпром трансгаз Саратов""";;;gas;;Маркс
way;307666830;shop;;45.98212027;51.52677757;;;;;;convenience;;;Саратов
way;307669492;shop;;47.06755422;50.99819094;;;;;;convenience;;;Красный Кут
way;308188800;shop;Магнит у дома;45.882199771428574;51.481162128571434;;;;;;supermarket;;;Саратов
way;308527934;shop;;46.123326559999995;52.210139719999994;;;;;;convenience;;;прочие населённые пункты
way;309795468;shop;;49.12171138333333;51.207030083333336;;;;;;convenience;;;Дергачи
way;309795482;shop;;49.12180081666667;51.206845933333334;;;;;;convenience;;;Дергачи
way;309871768;shop;Продукты на Васильковской;45.929095159999996;51.47815591999999;;Васильковская улица;1А;;;convenience;;;Саратов
way;309871769;shop;;45.92992346;51.4785026;;;;;;convenience;;;Саратов
way;309871770;shop;;45.9298214;51.4783186;;;;;;convenience;;;Саратов
way;309871950;shop;;45.9244117;51.47635014;;;;;;convenience;;;Саратов
way;309899912;shop;Глория;45.94232566;51.495607480000004;;Пензенская улица;25;;;convenience;;;Саратов
way;309988027;shop;Милена;47.79442022;52.011435600000006;;;;;;supermarket;;;Балаково
way;310441945;shop;Продукты;45.929500180000005;51.599199899999995;;;;;;convenience;;;Саратов
way;310815307;shop;Дачный;46.22881134;51.54020748000001;;;;;;supermarket;;;Энгельс
way;311793512;shop;;46.17050264;51.59480992;;;;;;convenience;;;Энгельс
way;311793514;shop;;46.1708138;51.59487476;;;;;;convenience;;;Энгельс
way;315436593;shop;Лента;46.00353565555556;51.59833951111111;;улица Блинова Ф. А.;50;;Лента;supermarket;;;Саратов
way;317134413;shop;;45.90408764;51.61952268;;;;;;convenience;;;Саратов
way;318403873;shop;Красное&Белое;44.480217466666666;51.493282377777774;Калининск;Пролетарская улица;109/1;;;convenience;;;Калининск
way;320236785;shop;Магнит;45.69797338;51.53995866;;Транспортный переулок;2;;;supermarket;;;Татищево
way;320244459;shop;Гроздь;45.974369585714285;51.58351817142857;;;;;;supermarket;;;Саратов
way;321957387;shop;;47.90954742;52.05661378;;улица Гагарина;26;;;convenience;;;Балаково
way;325436101;shop;Пятёрочка;47.80463636;52.005298620000005;;Каховская улица;69/4;;Пятёрочка;supermarket;;;Балаково
way;330220939;industry;;47.299486253846155;52.098084715384616;;;;;;;warehouse;;Шиханы
way;331095732;shop;Магнит;47.772845440000005;52.025325120000005;Балаково;Комсомольская улица;1;;;supermarket;;;Балаково
way;331111290;shop;Светофор;47.768165599999996;52.03586125;;;;;Светофор;supermarket;;;Балаково
way;331113515;service;Венера;47.774109195;52.033771425;;улица Свердлова;4;;;beauty;;;Балаково
way;331187384;shop;Гулливер;47.79868474;52.0419793;Балаково;Коммунистическая улица;127/1;;Гулливер;supermarket;;;Балаково
way;331710925;shop;;47.396665999999996;52.04258117142857;;Малыковская улица;12А;;;convenience;;;Вольск
way;337235336;bank;Сбербанк;45.96862175;51.591743225;;;;;Сбербанк;;;bank;Саратов
way;337381894;shop;;46.40149072;51.81554702;;;;;;supermarket;;;Маркс
way;338513745;shop;У Дмитрича;46.25330032;51.55848316;;;;;;convenience;;;Энгельс
way;345150738;shop;Магнит;45.9717783625;51.541236225;;Шелковичная улица;184А;;;supermarket;;;Саратов
way;348756721;shop;;45.91729446;51.593425939999996;;;;;;convenience;;;Саратов
way;352113021;shop;;45.949595450000004;51.58354025999999;;;;;;convenience;;;Саратов
way;352163801;shop;Рациональ;45.88125616666667;51.57316613333333;;Мостовая улица;;;;convenience;;;Саратов
way;352163803;shop;;45.89976807272728;51.57722529090909;;;;;;convenience;;;Саратов
way;352347682;atm;;45.93380618;51.587005440000006;;;;ПАО Сбербанк;Сбербанк;;;atm;Саратов
way;352958529;shop;Пивной стандарт;45.92688534;51.58878806;;Гвардейская улица;28;;;convenience;;;Саратов
way;352958530;shop;;45.92816534285714;51.58858122857142;;;;;;convenience;;;Саратов
way;352958535;shop;;45.92832122;51.58846684;;;;;;convenience;;;Саратов
way;352958536;shop;;45.928201619999996;51.5884902;;;;;;convenience;;;Саратов
way;354077047;shop;Магнит;46.05115594;50.77908528;;Октябрьская улица;22;;;supermarket;;;Ровное
way;354077054;shop;Пятерочка;46.05075848;50.77728168;;Рабочая улица;50А/2;;;supermarket;;;Ровное
way;354299536;shop;;45.959446;51.58422836;;;;;;convenience;;;Саратов
way;355160219;shop;;45.92813724;51.5885623;;;;;;convenience;;;Саратов
way;355160220;shop;;45.92817606;51.588555299999996;;;;;;convenience;;;Саратов
way;355687922;shop;Магазин;45.84081516;51.57093982;;;;;;convenience;;;Саратов
way;358061095;shop;;47.914922680000004;52.063484759999994;;улица Карла Маркса;27;;;convenience;;;Балаково
way;360122231;shop;Подсолнух;45.975745233333335;51.58701803333333;;;;;;convenience;;;Саратов
way;360768046;shop;Светофор;46.00053052;51.59656698;;;;;;supermarket;;;Саратов
way;362094401;shop;;46.14841093;51.42956925;Пробуждение;Эльтонская улица;37А;;;supermarket;;;Пробуждение
way;362478950;shop;Магазин;47.02658162;51.830087260000006;;Советская улица;21Б;;;convenience;;;Воскресенское
way;363565896;shop;Магнит;49.736882679999994;51.19703276;Озинки;Советская улица;15А;;;supermarket;;;Озинки
way;363900445;shop;Магазин 24 часа;47.37336028;52.06341184;;улица Лысенко;;;;convenience;;;Вольск
way;363940059;shop;;48.11081888;51.96464744;;;;;;convenience;;;Балаково
way;365875132;shop;;47.37998878888889;52.05807831111111;;Ярославская улица;21/23;;;convenience;;;Вольск
way;366523288;bank;Сбербанк;46.40748781;52.282566020000004;;улица Ленина;102В;;Сбербанк;;;bank;прочие населённые пункты
way;368639031;shop;;43.88309504;52.33139559999999;;Садовая улица;4;;;convenience;;;Ртищево
way;371632682;shop;;45.84745074;52.132433760000005;;;;;;convenience;;;прочие населённые пункты
way;371634877;shop;;45.849882666666666;52.133405333333336;;;;;;convenience;;;прочие населённые пункты
way;373870960;shop;Гулливер;47.77848108;52.026263240000006;;Комсомольская улица;15А;;Гулливер;supermarket;;;Балаково
way;374994232;shop;Продукты;46.0125689;51.546338350000006;;;;;;convenience;;;Саратов
way;377969833;shop;;46.231861933333334;51.51477083333333;Энгельс;Шоссейная улица;15А;;;supermarket;;;Энгельс
way;396372732;shop;Гроздь;45.91656178;51.472880399999994;;;;;;supermarket;;;Саратов
way;403930133;shop;;46.015414783333334;51.54400793333334;;;;;;convenience;;;Саратов
way;406926335;shop;Магнит;47.8454837;52.02081566;Балаково;Саратовское шоссе;85/4;;Магнит;supermarket;;;Балаково
way;413844254;shop;Магнит;48.10671158;52.497824619999996;;Коммунистическая улица;19;;Магнит;supermarket;;;Хвалынск
way;414371367;shop;Кайрос;47.79259418;52.00503796;Балаково;улица Комарова;133А;;;supermarket;;;Балаково
way;415231248;shop;;45.82562712;51.416519459999996;;;;;;convenience;;;Саратов
way;421691909;shop;Маяк;46.13366006;52.06593922;;Первомайская улица;8В;;;convenience;;;прочие населённые пункты
way;421691910;shop;Мираж;46.13355182;52.06586892;;Первомайская улица;8;;;convenience;;;прочие населённые пункты
way;421691912;shop;Семейный;46.13205968;52.06552176;Тёпловка;Советская улица;21А;;;supermarket;;;Тёпловка
way;422864811;shop;;46.0195515;51.5211237;;;;;;convenience;;;Саратов
way;425578426;shop;;45.95915286;51.53537778;;;;;;convenience;;;Саратов
way;427485697;shop;;44.931342359999995;51.431922959999994;;;;;;convenience;;;прочие населённые пункты
way;427502351;shop;;45.92006452;51.41850376;;Волжская улица;6;;;convenience;;;Саратов
way;427988518;shop;На Набережной;47.826138959999994;52.028089079999994;;набережная Леонова;61А;;;convenience;;;Балаково
way;427988525;shop;Магнит;47.82547686666666;52.02995757777778;;набережная Леонова;63;;Магнит;supermarket;;;Балаково
way;428712258;shop;Дом Хлеба;43.78914338;52.258693400000006;;Железнодорожная улица;54Б;;;convenience;;;Ртищево
way;430129077;shop;белая долина;46.00918431666667;51.530506833333334;;;;;;convenience;;;Саратов
way;432919558;shop;Лазурит;47.480649785714284;52.07547815714286;;;;;;convenience;;;Вольск
way;435598685;shop;Магазин;47.75222344;51.5717939;;;;;;convenience;;;прочие населённые пункты
way;436401720;shop;;47.40396584285714;51.54879114285715;;;;;;convenience;;;прочие населённые пункты
way;440503822;shop;"""Гроздь""";43.1512794;51.5270935;;улица Бестужева;38;;;convenience;;;Балашов
way;448837101;shop;Смирновъ;45.3895265;52.308696659999995;;Московская улица;33;;;convenience;;;Петровск
way;448837112;industry;Петровская мебельная фабрика;45.39687536153846;52.307519323076924;;;;;;;factory;;Петровск
way;448837113;shop;Магнит;45.396694509090906;52.30652965454545;;улица Чапаева;56И;"АО ""Тандер""";Магнит;supermarket;;;Петровск
way;448837117;bank;Россельхозбанк;45.3872408;52.31209004;;улица Кирова;129;"АО ""Россельхозбанк""";Россельхозбанк;;;bank;Петровск
way;449244490;shop;День и ночь;47.83780246;52.0206557;;Степная улица;21/2;;;convenience;;;Балаково
way;451497915;shop;Ярослав;47.82996070000001;52.01221461666666;;улица 30 лет Победы;40;;;supermarket;;;Балаково
way;451888883;shop;Гулливер;47.8054059;52.01603738;;Волжская улица;31;;Гулливер;supermarket;;;Балаково
way;452209868;shop;Магнит;45.9930708;51.60925218;;улица Тархова;24Б;;;supermarket;;;Саратов
way;453492554;shop;Магнит Семейный;46.01493018;51.60843786;;улица Тархова;48;;;supermarket;;;Саратов
way;453492555;shop;;46.01302244;51.608497039999996;;улица Тархова;46А;;;supermarket;;;Саратов
way;453492556;shop;;46.01405592;51.608466840000006;;улица Тархова;46Б;;;supermarket;;;Саратов
way;453492557;shop;;46.01349552;51.60827972;;улица Тархова;46В;;;supermarket;;;Саратов
way;454962620;shop;Магнит;47.832298814285714;52.02172317142857;;проспект Героев;23/3;"АО ""Тандер""";Магнит;supermarket;;;Балаково
way;455766947;shop;Наш магазин;47.780967849999996;52.02243415;;;;;;convenience;;;Балаково
way;456603465;shop;Гулливер;47.77529568333333;52.02208340000001;;улица Академика Жук;10Б;;;supermarket;;;Балаково
way;457202620;shop;Гроздь;47.8364569;52.02823845;;;;;;supermarket;;;Балаково
way;459157460;shop;Жемчужина;45.969214120000004;51.53334744;;2-я Садовая улица;132А;;;convenience;;;Саратов
way;460219548;shop;Наполеон;47.76827884;52.03760964000001;;;;;;convenience;;;Балаково
way;461376397;shop;Гулливер;47.79405304444444;52.01139195555556;Балаково;Минская улица;12/1;;Гулливер;supermarket;;;Балаково
way;461417564;shop;Алла;47.8397126;52.02399938;;Степная улица;27/2А;;;convenience;;;Балаково
way;462264176;shop;Яна;47.749394942857144;52.02922765714286;;;;;;convenience;;;Балаково
way;462713302;shop;Магнит;47.7990771;52.01664038;;;;;;supermarket;;;Балаково
way;476229407;shop;Магнит;45.9804217;51.53053876;Саратов;Политехническая улица;124Б;;Магнит;supermarket;;;Саратов
way;481268417;shop;;46.03020854444444;51.582990333333335;;улица Танкистов;116А;;;convenience;;;Саратов
way;481944171;shop;Магазин;47.2014519;52.43346274;;;;;;convenience;;;прочие населённые пункты
way;488241740;shop;Продукты;46.486230049999996;51.80045726666666;;;;;;convenience;;;Маркс
way;493632016;bank;Сбербанк;47.8428585125;52.022669;;;;ПАО Сбербанк;Сбербанк;;;bank;Балаково
way;495478037;shop;Гулливер;47.81021794;52.022684979999994;;;;;Гулливер;supermarket;;;Балаково
way;495948382;shop;;45.73786466;52.095246380000006;;;;;;convenience;;;прочие населённые пункты
way;497609514;shop;;47.908103857142855;52.05983375714286;;;;;;convenience;;;Балаково
way;499996844;shop;;47.74305758571428;51.99483867142857;;;;;;convenience;;;Балаково
way;500402186;shop;Фасоль;46.48438364;51.806665880000004;;Лесная улица;57;;;convenience;;;Маркс
way;501039421;shop;Магнит;45.9667045;51.52908792857143;;;;;;supermarket;;;Саратов
way;501855022;shop;;47.83484144;52.01431752;;;;;;convenience;;;Балаково
way;505986569;shop;Магнит;46.42125874;51.63106724000001;;Интернациональная улица;11;;Магнит;supermarket;;;Маркс
way;508363040;shop;;45.535531739999996;51.448194539999996;;Центральная улица;5;;;convenience;;;Татищево
way;510204876;shop;;49.641289979999996;51.17154784;;;;;;convenience;;;Озинки
way;511128189;bank;Сбербанк;45.58942402;51.6667404;;Красноармейская улица;32;;Сбербанк;;;bank;Татищево
way;511694287;shop;;45.593270860000004;51.670528739999995;;улица Чапаева;44;;;supermarket;;;Татищево
way;511694858;shop;Пятёрочка;45.59074542;51.67183401999999;;улица Крупской;23;;;supermarket;;;Татищево
way;511695568;shop;Р-строй;45.59650746;51.67345809999999;;улица Лапшова;14;;;convenience;;;Татищево
way;511695708;shop;Магнит;45.582090907692304;51.665670476923076;;улица Чапаева;29А;;Магнит;supermarket;;;Татищево
way;511721691;shop;Пятёрочка;46.0160858125;51.6099286125;;улица Мысникова;2;;Пятёрочка;supermarket;;;Саратов
way;511763683;shop;;45.899771799999996;50.82943744;;;;;;convenience;;;Ровное
way;512257576;shop;;45.88931116;51.471710740000006;;;;;;convenience;;;Саратов
way;513278727;shop;Купец;49.7302397;51.1964985;Озинки;Кооперативная улица;81;;;convenience;;;Озинки
way;515067185;shop;;44.44698516;51.502538619999996;;;;;;convenience;;;Калининск
way;515067242;shop;;44.44107408;51.50255044000001;;;;;;convenience;;;Калининск
way;515924362;shop;;44.47504998;51.50624352;;;;;;convenience;;;Калининск
way;515924406;shop;;44.483848519999995;51.50688258;;;;;;convenience;;;Калининск
way;515924591;shop;;44.4850943;51.515329859999994;;;;;;convenience;;;Калининск
way;515924622;shop;Мираж;44.48786258;51.51457658;;;;;;convenience;;;Калининск
way;515925047;shop;;44.446001;51.50652246;Калининск;Революционная улица;100;;;convenience;;;Калининск
way;515925048;shop;;44.44643874;51.50640928;Калининск;Революционная улица;98;;;convenience;;;Калининск
way;516019371;shop;;44.48872652;51.50383376;Калининск;улица 30 лет ВЛКСМ;100;;;convenience;;;Калининск
way;516019547;shop;;44.45360652;51.50699032;;;;;;convenience;;;Калининск
way;516055167;shop;Пятерочка;44.47841322;51.49706682;Калининск;улица Ленина;123;;;convenience;;;Калининск
way;516055173;shop;Красное&Белое;44.47912382;51.49698008;;;;;;convenience;;;Калининск
way;516055287;shop;Бристоль;44.47871948;51.49368778;Калининск;улица Чиркина;2/1;;;convenience;;;Калининск
way;516055289;shop;;44.47825932;51.4934257;;;;;;convenience;;;Калининск
way;516055291;shop;;44.476721420000004;51.49384506;Калининск;улица Чиркина;3;;;convenience;;;Калининск
way;516055524;shop;Пятёрочка;44.485889459999996;51.50169564;Калининск;Советская улица;4;;;convenience;;;Калининск
way;516055535;shop;;44.48136778888889;51.50143725555555;;;;;;convenience;;;Калининск
way;516056249;shop;;44.46196122;51.50127678;;;;;;convenience;;;Калининск
way;516056372;shop;;44.45692226;51.5097138;;;;;;convenience;;;Калининск
way;516324677;shop;;44.465520479999995;51.5000615;Калининск;улица Ленина;239/2;;;convenience;;;Калининск
way;516324775;shop;;44.47157596;51.49560694;;;;;;convenience;;;Калининск
way;516324892;shop;Пятёрочка;44.47272086;51.49886322;Калининск;улица Ленина;192;;;convenience;;;Калининск
way;516324934;shop;Магнит;44.48262186153847;51.49810787692308;Калининск;Советская улица;30;;;supermarket;;;Калининск
way;516324994;shop;;44.477248180000004;51.49777392;;;;;;convenience;;;Калининск
way;516325395;shop;;44.46438968;51.5043883;;;;;;convenience;;;Калининск
way;516325406;shop;;44.46403994;51.504634599999996;Калининск;Коммунистическая улица;159/1;;;convenience;;;Калининск
way;516325530;shop;;44.46088082;51.5073453;;;;;;convenience;;;Калининск
way;516887302;shop;;44.490939159999996;51.49394701999999;Калининск;улица Ленина;54/1;;;convenience;;;Калининск
way;516887519;shop;;44.492057471428566;51.4940237;;;;;;convenience;;;Калининск
way;516888669;shop;;44.48937634;51.490764719999994;;;;;;convenience;;;Калининск
way;516889928;shop;;44.489760839999995;51.4906988;;;;;;convenience;;;Калининск
way;516889981;shop;Бристоль;44.48237048;51.496206699999995;;;;;;convenience;;;Калининск
way;516889983;shop;Пятёрочка;44.48304866;51.4957681;Калининск;улица Ленина;115;;;convenience;;;Калининск
way;524642472;shop;Пятёрочка;45.97517189;51.53565046;Саратов;2-й Детский проезд;62/66;;Пятёрочка;supermarket;;;Саратов
way;524642476;shop;В двух шагах;45.97503604;51.5352799;;Новоузенская улица;151А;;;convenience;;;Саратов
way;526439009;shop;;45.98261624;51.527973499999995;Саратов;Большая Садовая улица;90Б;;;supermarket;;;Саратов
way;527521716;shop;Семейный;45.97121904;51.52748512000001;;2-й Детский проезд;9/11;;;supermarket;;;Саратов
way;527521895;shop;Гроздь;45.98134625714285;51.524147557142854;;4-я Беговая улица;15/23;;;supermarket;;;Саратов
way;532121279;shop;Магнит;45.95610267272727;51.49884878181819;;улица Трынина;4Б;;Магнит;supermarket;;;Саратов
way;533444473;shop;Магнит;45.98137554;51.6110014;;;;;;supermarket;;;Саратов
way;539504105;bank;Сбербанк;46.755606039999996;51.704145360000005;МАРКС;проспект Ленина;68Б;ПАО Сбербанк;Сбербанк;;;bank;МАРКС
way;539515445;shop;Семейный;46.340712305882356;51.59131858235294;Генеральское;Центральная улица;13;;;supermarket;;;Генеральское
way;541759617;shop;Продукты;46.036435340000004;51.723279500000004;;;;;;convenience;;;Саратов
way;541922416;shop;;45.89302748;51.58709758;;;;;;convenience;;;Саратов
way;544151909;industry;ПромГеоФизСервис;45.990794785714286;51.600815857142855;;;;;;;factory;;Саратов
way;547422657;industry;Котельная;45.98515339090909;51.58870205454546;;;;;;;heating_station;;Саратов
way;550960001;shop;;46.61049344;51.52970156;;Октябрьская улица;11;;;convenience;;;Советское
way;551276386;industry;;47.329644439999996;51.23661473999999;;;;;;;warehouse;;прочие населённые пункты
way;553784165;shop;Магнит;45.824584800000004;51.56980476;;;;;Магнит;supermarket;;;Саратов
way;564594423;shop;;48.11696156000001;51.96837846;;;;;;convenience;;;Балаково
way;564594424;shop;;48.11671822;51.967477259999995;;Лесная улица;10;;;convenience;;;Балаково
way;571223356;shop;Красное и белое;47.37382598000001;52.04778006;;улица Ленина;172;;;convenience;;;Вольск
way;588364562;shop;;45.79047608;52.001335700000006;Сокур;Средняя улица;47А;;;convenience;;;Сокур
way;588364598;shop;;45.74602678;51.7589556;;;;;;convenience;;;Татищево
way;595400171;shop;Семейный;46.184240100000004;51.50949776666667;Энгельс;Студенческая улица;187Г;;;supermarket;;;Энгельс
way;626735034;shop;;46.61119058;51.53187782;;Кооперативная улица;17;;;convenience;;;Советское
way;626735039;shop;;46.61129914;51.53161014;;;;;;convenience;;;Советское
way;628568892;shop;;45.80705362;51.12341978;;Центральная улица;67;;;convenience;;;Красноармейск
way;629008577;shop;;45.78641248;51.18693748;;;;;;convenience;;;Красноармейск
way;651695943;industry;"ПЭМЗ ""Молот""";45.38966426428571;52.297454771428576;;;;;;;factory;;Петровск
way;654058426;industry;ООО «Обувная фабрика «ТОТОлини»;43.207123216666666;51.53864203333333;;;;;;;factory;;Балашов
way;654058441;industry;"ООО ""Балашовский Маслосыркомбинат""";43.207608879999995;51.53356757;;;;;;;factory;;Балашов
way;654338371;industry;Балашовский завод ЖБК № 8;43.22086732727273;51.544777100000005;;;;;;;factory;;Балашов
way;654338375;industry;"ООО ""МакПром""";43.22430255555556;51.53866143333333;;;;;;;factory;;Балашов
way;654573393;industry;ОАО «Мельница 11»;43.15211041428571;51.55233617142857;;;;;;;factory;;Балашов
way;654771006;industry;"ОАО ""Балашовcлюда"" (2 цех)";43.13197285;51.52822184;;;;;;;factory;;Балашов
way;662903288;shop;;47.00167012;51.81665654;;;;;;convenience;;;Воскресенское
way;662903289;shop;;47.002932011111106;51.81792061111111;;улица Кирова;51;;;convenience;;;Воскресенское
way;672499437;shop;;45.1795914;52.132659000000004;;;;;;convenience;;;Петровск
way;673958369;shop;Мария;48.28554944;51.3402027;Ершов;Железнодорожная улица;;;;convenience;;;Ершов
way;673958540;shop;;48.27985522;51.344980480000004;Ершов;улица Победы;6А;;;convenience;;;Ершов
way;676487722;shop;Продукты;47.550891185714285;52.07769235714285;Терса;Коммунистическая улица;75А;;;convenience;;;Терса
way;681315621;shop;;44.40966944;51.6651433;;;;;;convenience;;;Калининск
way;681315622;shop;;44.4094424;51.66624263999999;;;;;;convenience;;;Калининск
way;681991016;shop;Хлеб соль;48.77653222;52.00965756000001;;;;;;convenience;;;Пугачёв
way;681991055;shop;;48.77406441666667;52.01625585;;;;;;convenience;;;Пугачёв
way;682354982;shop;;44.47364734;51.50234734000001;;;;;;convenience;;;Калининск
way;682355782;shop;;44.45257746;51.50183676;Калининск;Первомайская улица;10А;;;convenience;;;Калининск
way;682355783;shop;;44.471483920000004;51.49903938;Калининск;улица Ленина;192/1;;;convenience;;;Калининск
way;682366939;shop;Магнит;44.478550757142855;51.49706448571429;Калининск;улица Ленина;121;;;convenience;;;Калининск
way;682857119;shop;;43.93736252;51.46888800000001;;;;;;convenience;;;прочие населённые пункты
way;682896452;shop;;43.859375560000004;51.515602939999994;;;;;;convenience;;;прочие населённые пункты
way;683036637;shop;;43.800416459999994;51.567628060000004;;;;;;convenience;;;прочие населённые пункты
way;683096126;shop;;44.06188398;51.61067752;;Школьная улица;13;;;convenience;;;прочие населённые пункты
way;683097510;shop;;44.05994751111111;51.60949638888889;Сергиевка;Школьная улица;22;;;convenience;;;Сергиевка
way;683835030;shop;;44.184413660000004;51.55367596;Новые Выселки;Кооперативная улица;1/2;;;convenience;;;Новые Выселки
way;683835031;shop;;44.18467926;51.55376996;Новые Выселки;Кооперативная улица;2/1А;;;convenience;;;Новые Выселки
way;683839581;shop;;44.181575599999995;51.55556306;;;;;;convenience;;;Калининск
way;683887495;shop;;44.3851801;51.60366312;Ахтуба;Центральная улица;26;;;convenience;;;Ахтуба
way;683887511;shop;;44.383200779999996;51.60743394;Ахтуба;Центральная улица;70;;;convenience;;;Ахтуба
way;683892301;shop;;44.3720483;51.62256224;;;;;;convenience;;;Калининск
way;689605162;shop;;44.488253199999996;51.50308947999999;;;;;;convenience;;;Калининск
way;689605165;shop;;44.4881354;51.502718533333336;;;;;;supermarket;;;Калининск
way;689626855;shop;Магнит;44.4895167875;51.502497025;Калининск;улица 30 лет ВЛКСМ;43/5;;Магнит;supermarket;;;Калининск
way;689630056;shop;;44.48491204;51.50940264;;;;;;convenience;;;Калининск
way;690510308;shop;;46.06019232;51.532967340000006;;;;;;convenience;;;Саратов
way;690668962;shop;Бристоль;45.593430839999996;51.67018454;;;;;;convenience;;;Татищево
way;691236065;shop;;44.92973014;51.66514044;;улица Ленина;18;;;convenience;;;Аткарск
way;691236066;shop;;44.93036248;51.664973999999994;;;;;;convenience;;;Аткарск
way;691390241;shop;;44.931505959999996;51.74575384;;;;;;convenience;;;Аткарск
way;691399718;shop;;45.011022159999996;51.87731917999999;;;;;;convenience;;;Аткарск
way;692569205;shop;;46.033675720000005;51.541037300000006;;;;;;convenience;;;Саратов
way;693921393;shop;;46.039706820000006;51.5505536;;;;;;convenience;;;Саратов
way;702216807;service;;49.71897782;51.20046560000001;;;;;;hairdresser;;;Озинки
way;704905447;shop;Пятёрочка;47.779594483333334;52.029022633333334;;;;;Пятёрочка;supermarket;;;Балаково
way;706394045;shop;;45.980236680000004;51.76028802;;;;;;supermarket;;;Саратов
way;709782090;shop;;45.93869553333334;51.508092777777776;;Огородная улица;138;;;convenience;;;Саратов
way;711104328;shop;Пятёрочка;47.37717852;52.06718106000001;;Ярославская улица;83В;;Пятёрочка;supermarket;;;Вольск
way;718044439;bank;Россельхозбанк;43.49417262;51.941020779999995;Аркадак;улица Ленина;57;"АО ""Россельхозбанк""";Россельхозбанк;;;bank;Аркадак
way;718044761;shop;Пятёрочка;43.52699108;51.93084106;Аркадак;улица Ленина;183А;;Пятёрочка;supermarket;;;Аркадак
way;719403176;shop;Пятёрочка;44.9805631;51.8661096;Аткарск;Телефонная улица;44;;Пятёрочка;supermarket;;;Аткарск
way;720577593;shop;Универсал;46.475805314285715;51.66568397142857;;;;;;convenience;;;Маркс
way;722922157;bank;;44.81096005714286;51.533340557142864;Лысые Горы;Советская улица;49;;;;;bank;Лысые Горы
way;723345814;shop;Очаг;46.00246806;51.53515204;;;;;;supermarket;;;Саратов
way;727191194;shop;;46.073489040000005;52.139784940000006;;Дорожная улица;3;;;convenience;;;прочие населённые пункты
way;735187991;shop;;44.15421344;51.684304399999995;;;;;;convenience;;;прочие населённые пункты
way;736969758;shop;;45.931233680000005;52.01949628;;;;;;convenience;;;прочие населённые пункты
way;738459708;shop;;45.89486852;50.824302239999994;;;;;;convenience;;;Ровное
way;745088050;shop;;44.282156379999996;51.27138720000001;;;;;;convenience;;;Калининск
way;745090806;shop;;44.27599924;51.41443796;;;;;;convenience;;;Калининск
way;745091477;shop;;44.28615428;51.50964280000001;;;;;;convenience;;;Калининск
way;749367807;shop;;45.99871126;51.54115726;;;;;;convenience;;;Саратов
way;749910298;shop;;45.1125538;51.55634552;;;;;;convenience;;;прочие населённые пункты
way;749910454;shop;;45.054662542857145;51.548252171428565;;Почтовая улица;3А;;;convenience;;;прочие населённые пункты
way;750243502;shop;;43.388810219999996;52.274447959999996;Потьма;улица Дружбы;;;;convenience;;;Потьма
way;750684555;shop;Гроздь;45.99769573;51.543928359999995;;Большая Садовая улица;188/190;;;supermarket;;;Саратов
way;751268634;bank;Сбербанк;43.2746889;51.99246694;;Советская улица;37;;Сбербанк;;;bank;Турки
way;751665465;shop;"Магазин ""Престиж""";45.60349004;51.97029987999999;Ягодная Поляна;Советская улица;57;;;convenience;;;Ягодная Поляна
way;751665470;shop;"Магазин ""Нива""";45.601562200000004;51.97028504;Ягодная Поляна;Советская улица;65;;;convenience;;;Ягодная Поляна
way;751665566;shop;"Магазин ""Лакомка""";45.6071399;51.97079176;;;;;;convenience;;;прочие населённые пункты
way;751666282;shop;;45.7920596;51.995295940000005;;;;;;convenience;;;прочие населённые пункты
way;751666301;shop;;45.7906756;51.9972111;;улица Босова;12;;;convenience;;;прочие населённые пункты
way;751667377;shop;Очаг;45.8566195;51.790625160000005;;Дорожная улица;18;;;convenience;;;Татищево
way;751667675;shop;;45.80904754;51.84537642;;;;;;convenience;;;Татищево
way;751669442;shop;;45.63375164;51.7122045;;;;;;convenience;;;Татищево
way;751671094;shop;;45.62450066;51.81337644;;;;;;convenience;;;Татищево
way;751816981;shop;"Магазин ""Перекресток""";45.4814082;52.01447342;;;;;;convenience;;;прочие населённые пункты
way;751817013;shop;;45.48805768;52.009513059999996;Озерки;Политотдельская улица;85;;;convenience;;;Озерки
way;751817017;shop;;45.4888411;52.00774901999999;;Политотдельская улица;91А;;;convenience;;;прочие населённые пункты
way;751817645;shop;;45.11459642;52.090549839999994;;Советская улица;89;;;convenience;;;Аткарск
way;751817705;shop;;45.11529304;52.0985754;;;;;;convenience;;;Аткарск
way;773144452;shop;;45.91367874;51.50381484;;7-й Динамовский проезд;47А;;;convenience;;;Саратов
way;773732912;shop;;46.00280926000001;51.52730014;;;;;;convenience;;;Саратов
way;776266815;shop;;46.0025685;51.52696882;;;;;;convenience;;;Саратов
way;796237994;shop;Афины;46.16285626;51.47052128;;;;;;convenience;;;Энгельс
way;813087550;industry;;46.07264424;51.04377134;;;;;;;oil;;Красноармейск
way;813087553;industry;;46.11945318000001;51.051300479999995;;;;;;;oil;;Красноармейск
way;816576714;shop;Пятёрочка;46.12304312;51.477646359999994;;проспект Фридриха Энгельса;8К;;Пятёрочка;supermarket;;;Энгельс
way;817355913;shop;Магнит;45.97551638;51.53195470000001;Саратов;2-я Садовая улица;111;;Магнит;supermarket;;;Саратов
way;834619868;shop;Белая русь;45.97747306666667;51.567006916666664;;Деловая улица;18А;;;convenience;;;Саратов
way;845590468;shop;Победа;45.953795480000004;51.49951654;;;;;;convenience;;;Саратов
way;875471961;shop;Пивовар;46.26186656;51.53608952;;;;;;convenience;;;Энгельс
way;899573919;shop;Гулливер;47.39523946;52.04258136;Вольск;Октябрьская улица;94;;Гулливер;supermarket;;;Вольск
way;901526609;shop;Продукты;45.988660800000005;51.53143208;;;;;;supermarket;;;Саратов
way;911231389;industry;Новопушкинский мясокомбинат;46.15126570555556;51.37218405;;;;;;;slaughterhouse;;Энгельс
way;917298188;shop;Глория;46.15501074;51.476796300000004;;;;;;supermarket;;;Энгельс
way;928848266;shop;;45.96146606;51.438111140000004;;;;;;convenience;;;Саратов
way;930981163;shop;Магнит;48.55553066;50.14047928;;проезд Связистов;3А;;Магнит;supermarket;;;Александров Гай
way;931293231;shop;ИП Казиева А.А.;48.569181660000005;50.14229596;Александров Гай;Коммунистическая улица;38;;;supermarket;;;Александров Гай
way;931381031;shop;Айлита;48.58072621428572;50.14423505714286;Александров Гай;улица Красного бойца;53В;;;supermarket;;;Александров Гай
way;947707293;shop;;46.733598820000005;51.703843340000006;;улица Куйбышева;212А;;;supermarket;;;Маркс
way;948923201;shop;Светофор;43.771426940000005;52.24967782;Ртищево;Советская улица;70;;Светофор;supermarket;;;Ртищево
way;948926995;shop;Магнит;43.770991522222225;52.24891347777778;Ртищево;Советская улица;70/2;;Магнит;supermarket;;;Ртищево
way;949332396;shop;Пятёрочка;43.76070945714286;52.247632228571426;Ртищево;улица Зои Космодемьянской;;;Пятёрочка;supermarket;;;Ртищево
way;949334346;shop;;43.76386802352941;52.2460898;;;;;;convenience;;;Ртищево
way;949757488;shop;Дом Хлеба;43.79040394;52.25516358;;;;;;convenience;;;Ртищево
way;951785623;shop;;46.028234680000004;51.563087339999996;;;;;;convenience;;;Саратов
way;956240153;shop;Магнит;43.774855280000004;52.269187339999995;;;;;Магнит;supermarket;;;Ртищево
way;957860976;shop;;43.80746906;52.26226644;;улица Образцова;5Б;;;convenience;;;Ртищево
way;959858989;industry;Монолит Бетон;45.940240575;51.60453950833334;;;;;;;mineral_processing;;Саратов
way;960722195;shop;Магнит;45.97132244;51.51717466;Саратов;улица Лопатина Гора;10Б;;Магнит;supermarket;;;Саратов
way;968536769;shop;Улей;43.7819818;52.27312612000001;;Сердобский проезд;3;;;convenience;;;Ртищево
way;987597885;shop;Магнит;45.00424336923077;51.884597223076916;Аткарск;улица Гоголя;24А;;Магнит;supermarket;;;Аткарск
way;1009097355;shop;Ярцев;46.1895849;51.817082979999995;;;;;;convenience;;;прочие населённые пункты
way;1009097364;shop;;46.195324219999996;51.819494320000004;;;;;;convenience;;;прочие населённые пункты
way;1028172975;shop;;49.511613780000005;51.98540292;;;;;;convenience;;;прочие населённые пункты
way;1028476281;shop;;45.62475038;50.647403159999996;;;;;;convenience;;;прочие населённые пункты
way;1087811682;shop;Жигули;43.779718179999996;52.27246749999999;Ртищево;Зелёная улица;26;;;convenience;;;Ртищево
way;1087816266;shop;Теремок;43.80240516;52.24848988;Ртищево;улица 60 лет Октября;;;;convenience;;;Ртищево
way;1090529782;shop;;45.97631642;51.51909682;;;;;;convenience;;;Саратов
way;1100779890;shop;Магнит;45.9254045;51.59201803999999;Саратов;улица Панфилова;19А;;Магнит;supermarket;;;Саратов
way;1108298901;shop;;45.966773339999996;51.52215558;;;;;;convenience;;;Саратов
way;1111837315;shop;;45.88029618;51.70892516;;;;;;convenience;;;Татищево
way;1135350715;shop;;43.5509596;51.963541320000004;;;;;;convenience;;;Аркадак
way;1150186974;shop;Магнит;45.991034379999995;51.55832516;;;;;Магнит;supermarket;;;Саратов
way;1157580903;shop;Победа;47.7714949;52.02769241428571;Балаково;улица Чапаева;118Б;;;convenience;;;Балаково
way;1161374920;shop;;43.501574340000005;51.93804874;;;;;;convenience;;;Аркадак
way;1177278753;shop;Пятёрочка;46.00138623888889;51.6009679;;;;;Пятёрочка;supermarket;;;Саратов
way;1178802845;shop;Магнит;45.82933076;51.57256952;;Песчано-Умётская улица;5;;;supermarket;;;Саратов
way;1178802847;shop;Пятёрочка;45.82788234;51.57237482000001;Соколовый;Песчано-Уметский тракт;7Б;;Пятёрочка;supermarket;;;Соколовый
way;1202794068;shop;Возрождение;43.78853723333333;52.25635776666667;Ртищево;Красная улица;9А;;;convenience;;;Ртищево
way;1218252220;shop;;44.11751408;51.42974323999999;;;;;;convenience;;;Калининск
way;1220282979;shop;Победа;45.82677298;51.57228464;;;;;;supermarket;;;Саратов
way;1243515210;shop;Дом пива;46.01501904;51.518604679999996;;;;;;convenience;;;Саратов
way;1250495506;industry;"ООО ""Саратов-Холод Плюс""";45.957631285714285;51.61276832857143;Саратов;1-й Сокурский проезд;5;;;;factory;;Саратов
way;1257925126;shop;Пятерочка;46.01178508571429;51.53249748571428;Саратов;улица имени Пугачёва Е.И.;74;;;supermarket;;;Саратов
way;1272759962;shop;Пятёрочка;45.936644;51.58636404;;Гвардейская улица;13Г;;Пятёрочка;supermarket;;;Саратов
way;1282130118;shop;;46.03252228;51.62382286;;;;;;convenience;;;Саратов
way;1292825615;shop;Пятёрочка;46.76830582;51.709095260000005;;Мичуринская улица;3;;Пятёрочка;supermarket;;;Маркс
way;1292825617;shop;Магнит;46.7688708;51.70881432;;Мичуринская улица;3Б;;Магнит;supermarket;;;Маркс
way;1387861148;shop;Чижик;46.01774222;51.61418638;;"ТИЗ ""СТЭМК""";62;;Чижик;supermarket;;;Саратов
way;1389829330;shop;Экономаркет;46.1234653;51.48631902857143;;Красноармейская улица;120;;;general;;;Энгельс
way;1417990529;shop;;45.21861312;51.8326238;;;;;;convenience;;;Аткарск
way;1418688017;industry;;48.02230238;51.49188888;;;;;;;oil;;Ершов
way;1418688018;industry;;48.0234034;51.49527989999999;;;;;;;oil;;Ершов
way;1418688019;industry;;48.04325032;51.50056356;;;;;;;oil;;Ершов
way;1418688020;industry;;48.02474118;51.489311199999996;;;;;;;oil;;Ершов
way;1418688022;industry;;47.99492242;51.48535561999999;;;;;;;oil;;Ершов
way;1418688023;industry;;48.00394115454546;51.48322466363636;;;;;;;oil;;Ершов
way;1418688024;industry;;48.000827040000004;51.47911838;;;;;;;oil;;Ершов
way;1418688025;industry;;48.000976;51.47803394;;;;;;;oil;;Ершов
way;1427567375;shop;"Магазин ""Визит""";45.61257676;51.969712920000006;;;;;;convenience;;;прочие населённые пункты
way;1462910468;shop;Магнит;46.01053037142857;51.60350312857143;;;;;Магнит;supermarket;;;Саратов
way;1473324195;shop;Магнит;45.97246508;51.622387100000005;;;;;Магнит;supermarket;;;Саратов
way;1476918718;shop;Магнит;46.00580621666666;51.60701783333334;;;;;Магнит;convenience;;;Саратов
way;1533598531;shop;Магнит;43.783729519999994;52.2604073;Ртищево;;;;Магнит;supermarket;;;Ртищево
way;1557768009;shop;Магнит;44.986692500000004;51.868476380000004;Аткарск;;;;Магнит;supermarket;;;Аткарск
